8.119317690999999781e-01	-4.424685868000000077e-01	-6.695357346000000431e-01	-4.346765940999999800e-01	-1.264989549000000046e+00	-1.764555819999999997e+00	-9.378076598000000264e-01	5.579131579999999646e-01	1.173997318000000067e+00	-1.475241948000000081e+00	7.721117023000000357e-01	-1.888204481000000046e+00	1.380214375999999910e-01	1.018281086000000002e+00	-6.898495370999999654e-01	-1.581457552999999905e+00	6.648471329999999790e-01	2.835501237999999910e-02	-2.139900613999999868e-01	-1.880787495000000087e+00	-1.309275685999999883e-01	4.589677313000000147e-01	2.065963255000000109e-01	-7.590559512000000231e-01	1.082861107000000045e+00
6.054050067999999785e-01	-7.883864308000000376e-01	-1.293833733999999902e+00	-6.918523291999999492e-01	-1.029667429999999939e+00	-1.537269589000000103e+00	-1.258596534000000045e+00	1.306700399000000068e-01	1.092174141000000098e+00	-2.311202503000000075e+00	5.567353771999999923e-01	-2.166637911000000027e+00	5.389697306999999826e-01	6.627020163000000297e-01	-1.159684828000000056e+00	-9.937535870999999466e-01	7.929177823999999930e-01	-1.434969627000000081e+00	2.298977241999999865e-01	-5.062734007000000425e-01	4.810919631000000196e-01	-2.771040820999999821e-01	5.228439884000000148e-01	-4.424694751000000092e-01	2.494912753999999899e-01
5.432091920999999601e-01	-7.731302513000000154e-01	-1.236809443999999925e+00	-9.784682544999999676e-01	-1.167441745000000086e+00	-1.608429404000000007e+00	-1.324050892000000035e+00	5.394161962000000310e-01	5.518218683000000180e-01	-2.038485756000000038e+00	7.859237775999999842e-01	-2.494617143000000148e+00	-1.633142813000000027e-01	7.932659502000000140e-01	-7.898787881000000066e-01	-1.905023098000000026e+00	1.291678209000000077e+00	5.077295326999999858e-01	-4.889195385999999810e-01	-7.831660829000000046e-01	2.542112550000000248e-01	-5.543119909999999484e-01	4.580385379999999951e-01	-1.292726043999999908e+00	4.928682933999999904e-01
4.918548111000000111e-01	-1.107038984999999975e+00	-1.655920252999999898e+00	-6.926744974999999860e-01	-7.815823356000000111e-01	-2.193061292999999967e+00	-1.308876206000000098e+00	2.709733847999999945e-01	1.000402138999999968e+00	-2.053519490999999864e+00	6.641972183000000030e-01	-1.832607982999999940e+00	8.217840434999999777e-02	4.692315058000000039e-01	-4.291474859000000142e-01	-1.772043975999999965e+00	3.655005879000000069e-01	-5.777195364999999638e-01	-2.344069259000000072e-01	-1.671332161000000038e+00	1.978676608000000114e-01	2.119111482999999976e-02	1.257017394000000121e-01	-1.027603343000000002e+00	4.550977199999999834e-01
6.663638015999999720e-01	-1.385192597999999942e+00	-1.552592688999999915e+00	-6.409247449999999624e-01	-1.393464693999999948e+00	-1.813445831999999980e+00	-7.617371247999999984e-01	2.782676802999999865e-01	1.674201577000000052e+00	-1.314018638000000072e+00	4.053597451000000018e-01	-1.365963416999999902e+00	9.829582068999999367e-02	6.879788302999999550e-01	-1.200370674000000026e-01	-6.968899119999999447e-01	5.986785855999999795e-01	-4.334281575999999747e-01	-2.552276911999999953e-01	-2.444791403999999890e-01	8.786403028000000504e-01	-8.671733433999999630e-01	3.244745545000000120e-01	-1.073819488000000044e+00	6.399052696999999457e-01
6.751737397999999502e-01	-1.334716838999999933e+00	-1.371205827999999904e+00	-1.615501552000000007e+00	-6.561142821000000014e-01	-1.758529352999999906e+00	-6.457770072999999833e-01	6.448672644999999815e-01	1.408953522000000014e+00	-1.196590035999999913e+00	7.358648125000000206e-01	-1.996185762999999946e+00	-1.096788786999999994e-02	6.499786507999999463e-01	5.423371572999999973e-02	-1.176710316000000089e+00	5.058729049000000311e-01	2.319371803999999843e-02	-8.183810652999999879e-01	-1.423945930000000137e-01	1.180438528999999903e+00	-5.263101886000000063e-01	-1.892260067000000046e-01	1.327702209999999938e-01	9.076609404000000048e-01
4.998281702999999854e-01	-1.249845410000000046e+00	-1.714111249999999975e+00	-1.544377483000000106e+00	-9.079893099000000412e-01	-1.714331017999999984e+00	-9.579136313999999652e-01	6.305849390000000110e-01	1.040014298000000004e+00	-1.446510320000000016e+00	8.594977741999999532e-01	-2.063270328000000209e+00	2.877300314999999831e-01	8.109529654999999559e-01	-3.511372123000000012e-01	-1.598199323000000005e+00	2.966039976999999828e-02	1.974902002000000073e-02	-5.680688227000000312e-01	-1.374329381999999988e+00	-2.913707072000000162e-02	4.071097184999999952e-01	-4.449627218999999828e-02	1.285933256999999968e-02	4.828937581000000145e-01
6.482743212999999560e-01	-7.165108554000000352e-01	-1.223419666000000072e+00	-1.009813841999999962e-01	-6.164132845999999999e-01	-1.953044545000000021e+00	-8.004638420999999893e-01	1.753219880000000119e-01	1.313284861999999942e+00	-6.882273652999999491e-01	7.862269083999999797e-01	-1.150717873999999918e+00	2.956488255999999981e-01	8.086531496000000097e-01	-7.817971717999999681e-01	-1.071246981000000043e+00	6.695126519999999859e-01	-9.544514846999999635e-01	1.105183403999999980e-01	-1.470732205000000015e+00	4.168179799000000241e-01	-6.426918228000000344e-01	1.229311999000000100e+00	-1.047734699000000047e+00	6.648330555999999447e-01
6.420833248999999743e-01	-2.755082154999999866e-01	-5.067502059999999808e-01	-9.094372381999999977e-01	-1.542215534999999971e+00	-1.392690371000000038e+00	-9.229319827999999948e-01	9.510782018000000226e-01	6.290029829000000072e-01	-5.668123878999999921e-01	8.717815225999999695e-01	-1.814581148000000033e+00	1.219218380999999990e-01	5.026514172999999586e-01	-6.928935805000000503e-01	-1.918674983999999917e+00	1.480374517000000001e+00	1.253037981999999939e+00	-3.571952582999999848e-01	-1.881120707000000003e+00	3.308571607999999942e-01	1.858322570000000076e-02	6.925512059999999748e-01	2.121426876999999989e-01	9.952016836999999505e-01
4.459029951999999852e-01	-5.662599509000000308e-01	-1.446803056000000032e+00	-6.221583862999999770e-01	-1.266590847999999880e-01	-1.797316697000000074e+00	-1.158763699999999952e+00	5.248611439000000489e-01	8.682751609000000093e-01	-7.295431050999999778e-01	8.902603167999999512e-01	-2.223883889000000114e+00	3.459955907000000219e-01	7.205091986999999643e-01	-8.091144487000000440e-01	-2.369285925999999876e+00	-2.923887889000000018e-02	-1.422283560999999974e+00	3.218214743999999738e-01	-2.011394268000000096e+00	1.314564175999999862e-01	-6.291362848999999813e-02	1.094288085999999938e+00	-7.294295280000000492e-01	4.073260058000000017e-01
9.851745836999999950e-01	-4.177092826000000092e-01	-5.972721815999999517e-01	6.660868594000000087e-01	-2.271424042000000032e+00	-1.832156705000000052e+00	-5.001981245000000076e-01	4.204375945000000114e-01	1.101791012000000070e+00	2.824149612999999892e-01	1.772902920999999965e-01	-7.270723929000000307e-01	6.115611750999999652e-01	4.663561050999999735e-01	-3.787098910000000207e-02	-9.875164791999999636e-01	5.395682970999999828e-01	2.680559444000000013e+00	-3.577930201999999782e-01	-1.054472547000000038e+00	-4.188370028999999772e-01	-2.519376150000000036e-01	-6.208045535000000087e-02	-1.324858228000000082e+00	1.228309373000000093e+00
8.806648351000000430e-01	-3.572994745999999999e-01	2.175797284000000054e-01	4.715124407999999878e-01	-4.093395468999999842e+00	-9.075045607999999708e-01	-5.414575589000000244e-01	1.993556713000000036e+00	-1.180863612000000007e+00	-7.719030036999999789e-01	-5.575085427000000537e-01	-1.640034736000000049e+00	1.669912470000000093e+00	5.292759866999999785e-01	-4.899684169000000089e-02	-1.768723637999999987e+00	-4.053487527999999895e-01	1.837795008999999924e+00	-1.033806278999999995e+00	-1.698900147000000027e+00	7.815587008000000058e-01	-1.974558527999999979e+00	-4.058209856000000393e+00	2.902005416999999809e-01	2.265520265000000144e+00
6.673415475999999735e-01	-9.262538234999999620e-01	-1.221109886000000033e+00	9.888210012999999743e-02	-1.347241432999999877e-01	-1.123812583999999948e+00	-7.777228020999999991e-01	5.147837315000000080e-01	4.165036842000000017e-01	-1.475519975999999955e+00	2.798341109999999965e-01	-9.413305592999999805e-01	-3.926001972000000007e-01	1.699391907999999951e+00	-1.105718399999999990e+00	-1.639226332000000008e+00	1.323881443000000102e+00	-1.242583680999999940e+00	2.384462103999999971e-01	-1.524295916999999889e+00	1.077558959000000094e+00	-1.246551341000000021e-02	1.547518294999999933e+00	-9.470703368999999761e-01	-1.566970347999999957e-01
7.973217563000000174e-01	-9.746279356999999477e-01	-4.694291487000000207e-01	3.446113659000000218e-01	-1.259653794999999965e+00	-9.735441242000000273e-01	-4.062985822999999885e-01	1.295593117999999988e+00	-1.664891454000000104e-01	-1.007787070000000007e+00	3.244699481000000163e-01	-1.200711719000000066e+00	-1.232468379999999974e-01	1.452267433999999913e+00	-4.607468565999999766e-01	-2.286299395999999984e+00	1.490723279000000012e+00	1.212757539999999912e+00	-1.278689597999999927e+00	-2.148931375000000088e+00	3.906062646999999832e-01	2.860379134000000032e-02	-6.191008055000000176e-01	-8.684261165000000116e-01	1.058450254999999895e+00
8.059823429000000372e-01	-1.149058412999999890e+00	-5.133670611999999744e-01	7.537525357000000037e-01	-5.582347411000000426e-01	-1.023789555000000018e+00	-6.082639778999999747e-01	3.235717175000000223e-01	1.003058041999999928e+00	-1.247118477999999975e+00	1.057886076999999952e-01	-9.493997931000000001e-01	1.647984751999999886e-01	1.864050486000000006e+00	-9.121111940999999668e-01	-1.519792586999999973e+00	5.741052165000000151e-01	-1.063682902999999902e+00	1.514486670000000090e-01	-1.448054995999999983e+00	-1.475219027000000127e-01	7.574140926000000329e-02	1.101733658999999976e+00	-1.740960955999999893e+00	-5.282700398999999880e-01
9.608031125999999533e-01	-1.360415251000000048e+00	-2.053032402999999950e-01	1.927262906999999970e-01	-1.182706127000000107e+00	-6.941477326999999642e-01	-2.976657003000000024e-01	1.155545864000000034e+00	1.537080500999999932e-01	-7.660384970000000404e-01	5.519881491999999445e-01	-1.006801193000000039e+00	-1.445837722999999964e-01	9.443453670000000466e-01	-3.398470235000000117e-01	-1.976413997999999950e+00	2.251088572000000010e+00	1.217883905000000100e+00	-9.008210440999999680e-01	-1.411264531000000044e+00	5.268036715999999675e-01	-6.161650347000000028e-02	-5.903356674999999942e-01	-5.848014755999999537e-01	6.455392237000000533e-01
8.095890931000000457e-01	-1.603402793999999965e+00	-5.915495838000000006e-01	8.449709068999999850e-02	-5.893187613999999463e-01	-1.326537826999999892e+00	-2.882939957999999803e-01	8.168984369999999773e-01	1.087891096999999974e+00	-1.022691505999999917e+00	1.893964734999999955e-01	-1.189507845999999924e+00	4.248189960000000043e-01	1.574024424000000089e+00	-6.956864990000000137e-01	-2.312192781999999891e+00	5.396414747000000123e-01	-6.612382930000000325e-01	-1.804368121999999908e-01	-4.117535645999999966e-02	-6.651743088999999554e-01	4.054803236000000255e-01	6.856926187999999867e-01	1.932140813000000068e-01	-4.258161129999999961e-01
8.892580444000000028e-01	-1.800985708000000018e+00	-3.071140494999999859e-01	5.136795325999999884e-01	-8.456813251000000475e-01	-1.021910982999999939e+00	-4.261513022000000261e-01	6.160613493000000052e-01	3.352685360000000059e-01	-4.671434293000000237e-01	5.930977727999999782e-01	-1.091904763999999917e+00	-1.292184644000000104e-01	9.663497937999999676e-01	-1.105138662999999993e-01	-1.466192136000000090e+00	1.249244135000000089e+00	7.681936397999999944e-01	-6.688902425999999624e-01	-2.515831346999999971e-03	4.101547327000000243e-01	-6.691933850000000295e-01	-6.268596292000000458e-01	-1.321853023999999932e+00	8.141330934000000352e-02
9.797851445999999909e-01	-1.567611890000000008e+00	5.109402274000000160e-02	2.096746099000000030e-01	-8.618960852000000505e-01	-9.793595856000000266e-01	-2.416331805999999971e-01	1.000331349999999953e+00	1.314296469000000078e+00	-6.633767509000000340e-01	3.290812224999999924e-01	-5.892975467000000078e-01	5.866368073000000072e-01	1.293399006000000018e+00	-3.518344369999999999e-01	-2.204624771999999844e+00	8.872008987999999707e-01	-6.541223171000000169e-01	-2.847869948999999946e-03	-1.074682668999999979e+00	-2.525672129000000043e-01	1.190906688999999963e+00	1.455597980000000069e+00	1.469477201999999927e-01	-6.515777722000000161e-01
7.042660837999999979e-01	-1.824189234000000104e+00	4.841479599000000217e-02	9.842569008999999536e-01	-8.755144391000000414e-01	-1.301039177000000047e+00	-9.294327656999999965e-01	5.719428531000000371e-01	-1.012904787999999945e+00	-7.084373655000000269e-01	1.154851131000000031e+00	-1.270232717000000067e+00	-1.175164676000000075e+00	1.928596794000000114e-01	4.303304537000000041e-01	-8.901868089000000150e-01	7.152362512000000061e-01	-2.130859008000000054e-01	5.584388210999999824e-01	-1.886131835999999895e+00	7.577031692000000263e-01	-6.652315028000000297e+00	-4.740980653000000267e+00	-1.792409085000000069e+00	1.249984988000000019e+00
9.854604153999999561e-01	-1.750905517999999939e+00	2.052041280999999939e-01	6.278703847000000060e-01	-2.029714035999999888e-01	-9.838293818000000135e-01	-8.983777590000000535e-01	7.900261355000000041e-01	-1.167336238000000082e+00	-4.497985773000000020e-01	1.518586106000000102e+00	-1.140178665999999952e+00	-1.356661364000000036e+00	7.259319534999999490e-01	4.352557863000000027e-01	-1.802861591000000097e+00	1.012160471999999922e+00	8.933748999999999718e-01	-1.635092430999999902e+00	-7.928891279999999986e-01	5.678383334000000060e-01	5.816121201999999712e-01	-3.033779786999999839e+00	-2.739526821000000112e-01	1.000658665000000003e+00
9.247959351000000217e-01	-2.021947638999999963e+00	-4.693236356000000109e-01	7.228478381000000286e-02	-1.353523666000000070e+00	-1.674059428999999932e-01	-6.192926460000000022e-01	5.941866705999999665e-01	5.500863616000000178e-01	-1.005764595000000039e+00	1.608052450000000133e-01	-1.084826952000000011e+00	8.171888717999999940e-01	1.575560043999999937e+00	-6.009214282999999490e-01	-1.226204080999999890e+00	1.409786698000000005e+00	-1.028379053000000098e+00	-8.834825979999999523e-02	1.036549312000000000e+00	5.374471183000000263e-01	2.083863091000000001e-01	4.504367711999999746e-01	3.517933946999999839e-01	-6.998243317000000241e-01
8.455570520999999840e-01	-1.949270255000000063e+00	-2.642241837000000038e-01	4.481634919000000022e-02	-6.587015183000000107e-01	-1.336538285999999909e+00	-5.158320481999999485e-01	1.136074738000000028e+00	-4.894873634999999945e-01	-6.148132319000000345e-01	1.139877950000000029e+00	-3.162055073000000216e-01	-1.149514436000000028e+00	1.316965949999999941e+00	-2.152425296000000099e-01	-2.385679732999999914e+00	1.956566462999999922e+00	1.495685493000000088e+00	-1.441315228999999976e+00	-7.785690668000000425e-01	-2.040230737000000016e-01	-5.431246908000000317e-01	-9.526564081999999711e-01	1.114719505999999916e+00	9.078612583999999541e-02
8.172633927000000353e-01	-2.042730479999999904e+00	-4.691519110999999853e-01	5.906120486999999475e-01	-1.036020229000000015e+00	-7.197089779999999992e-01	-5.208699441999999902e-01	4.377411945999999943e-01	9.057595994999999567e-01	-6.317659767000000093e-01	2.987552954000000094e-01	-9.567470192999999457e-01	1.008962283000000015e+00	1.442610772000000097e+00	-4.232543912000000241e-01	-1.474117840999999984e+00	2.214575776999999912e-01	-1.114046665000000047e+00	3.985939338999999748e-01	5.329158209000000035e-01	-4.327038245000000005e-01	3.479095220999999793e-01	2.731731461999999944e-01	-1.652136585999999907e+00	-1.082630739000000064e+00
1.011049437000000051e+00	-1.808139111000000021e+00	3.366625429999999808e-01	5.363274447000000444e-01	-8.049577284000000166e-01	-3.188896032999999908e-01	-2.233943120999999921e-01	9.878718769000000011e-01	2.762463761999999767e-01	-2.308031363999999974e-01	1.099228386999999918e+00	-8.470872492000000031e-01	-5.637675600999999537e-01	8.561909266999999657e-01	2.064867777000000126e-01	-1.400360816000000064e+00	2.052712742999999840e+00	1.064469762000000097e+00	-8.263895307999999940e-01	-1.056928567999999985e-01	3.847225049999999924e-01	-8.994609752000000125e-01	-4.467379052000000073e-01	-4.896536540000000215e-02	-2.255840031000000134e-01
7.544171512999999774e-01	-1.835239854999999976e+00	-4.194966720999999954e-02	3.695494713999999958e-01	-1.105334306999999905e+00	-1.100399453000000083e+00	-2.109463755000000051e-01	1.039444685999999951e+00	3.707379681999999899e-01	-5.356810284999999894e-01	6.585163532000000153e-01	-8.579206101000000709e-03	4.386771301999999872e-01	1.025779554999999954e+00	-1.100879366999999998e-01	-1.814645061000000004e+00	4.153062283999999771e-01	-4.960848069000000082e-01	-3.614671650999999875e-01	-4.380780190999999935e-01	-2.229287118000000123e-01	7.152443433999999822e-01	-6.893690507999999939e-02	7.031548370000000325e-01	-1.153385821000000089e+00
8.644100483000000112e-01	-1.916803221999999973e+00	-6.952322951000000639e-02	7.508982576999999603e-01	-9.006650926000000501e-01	-5.919232154000000357e-01	-5.990136660000000036e-03	2.570039975000000254e-01	7.928338932999999811e-01	-7.271065861000000630e-02	8.837024234000000478e-01	-6.507404718000000532e-01	-2.438123775999999909e-01	7.864632285999999528e-01	1.062581167000000021e-01	-9.248644496000000270e-01	1.074693094999999987e+00	2.026914830999999861e-01	-3.271985571000000231e-02	6.110181686000000223e-01	8.837033062000000661e-02	-8.992312963999999909e-01	2.700780971000000252e-01	-5.804548024000000250e-01	-7.135523326999999583e-01
8.659655830000000387e-01	-1.699243472000000033e+00	3.316981170000000145e-01	5.125661726000000362e-01	-1.111255753000000013e+00	-7.958433429000000281e-01	1.298726672000000137e-01	9.133328952999999473e-01	6.194234715999999974e-01	-3.459116639999999798e-02	1.017663610999999912e+00	-7.506369478999999623e-02	5.633045290999999510e-01	4.651244703999999897e-01	3.175446766000000198e-01	-1.259674678999999964e+00	7.320984739000000463e-01	-3.431953268999999862e-01	-1.773749329000000041e-01	-6.483825290000000408e-01	9.681891390999999847e-02	6.202125402999999482e-01	-2.748097384000000032e-01	3.450241069000000160e-01	-5.543321652999999571e-01
7.335915349999999613e-01	-1.718640323000000025e+00	1.419894808000000119e-01	4.959218974999999863e-01	-1.027105436999999899e+00	-8.059767071000000227e-01	2.912364422999999883e-02	3.841735486000000255e-01	5.357082211000000482e-01	-1.043764823000000036e-01	1.041918211000000039e+00	1.147638158000000019e-01	-3.280847581999999929e-01	7.136512176999999513e-01	1.762865552000000002e-01	-6.799585342999999726e-01	1.107133370999999977e+00	-4.189282395000000214e-01	2.206235980000000041e-01	-9.431323867999999999e-01	-5.933991487999999703e-02	-8.605885210999999479e-01	6.443772803999999743e-01	-1.180885203000000105e+00	-9.691459126000000479e-01
9.127603669999999614e-01	-1.465903367999999984e+00	5.580110711000000334e-01	2.908800140000000201e-01	-1.009259216000000015e+00	-3.703191706000000250e-01	2.326507109000000018e-01	1.127737377000000096e+00	2.798633336999999943e-01	2.317782282999999999e-01	1.413645892999999987e+00	-7.504468364999999919e-01	3.236093313000000249e-01	3.850185978999999814e-01	5.912292288999999590e-01	-1.290937599000000047e+00	8.628537505000000163e-01	4.017288598000000044e-01	-3.992725523000000276e-01	-7.493566835999999620e-01	-9.129930409000000177e-03	7.324667178999999528e-01	-1.875224585999999971e-01	-2.176767702999999887e-01	-2.040107915999999910e-01
7.675271237999999885e-01	-1.477166873000000047e+00	5.060820510000000327e-01	3.371825743999999903e-01	-7.874782487999999470e-01	-4.054430834000000150e-01	2.962806302999999863e-02	4.501779725999999759e-01	9.258828791000000002e-01	5.676226404000000308e-02	1.021252808000000067e+00	-7.806723343999999454e-01	8.007966054000000000e-02	7.207593129999999571e-01	3.307821906999999784e-01	-2.283655978999999947e-01	6.403926239000000409e-02	-7.608244912999999610e-01	5.544894938000000106e-01	-7.097346456999999997e-01	-2.608231959000000266e-01	-7.783089978999999659e-01	4.352615655000000028e-01	-7.052411758000000086e-01	-1.212476303000000089e+00
8.530374482999999453e-01	-1.304818701999999941e+00	6.589659477999999515e-01	2.729220793000000089e-01	-9.379535104999999762e-01	-3.070803025000000130e-01	2.438175374999999867e-01	7.009267396999999677e-01	8.076565267999999964e-01	4.231324179000000019e-01	1.364030075999999925e+00	-7.806888333999999485e-01	2.652949343000000071e-01	4.632049592999999965e-01	6.701303774000000324e-01	-4.836605274999999926e-01	8.315216679999999638e-02	6.500968499000000511e-01	1.945527313000000036e-01	-5.133634982000000180e-02	1.675767612999999948e-02	6.597985070999999868e-01	-3.603178618000000277e-01	-1.234226707999999950e-01	-3.462354337999999920e-01
6.498005291999999766e-01	-1.270102752999999973e+00	4.110977203999999774e-01	1.782411767000000036e-01	-9.373059746999999886e-01	-2.784571620999999886e-01	2.263786070999999900e-01	-1.691773065999999937e-01	1.178399138999999929e+00	2.069649729999999965e-01	7.161473705999999995e-01	-1.006904228000000012e+00	6.807570093999999461e-01	1.158418689000000057e-01	4.979181060000000270e-01	2.980783227000000091e-01	-6.267505982000000087e-01	-2.045314616000000196e+00	1.042702172000000038e+00	8.060276727999999835e-01	-1.842352543000000120e-01	-8.683707261999999982e-01	3.318610419999999950e-01	2.419658826999999957e-01	-1.154392698000000106e+00
7.352704153000000353e-01	-1.103068600999999926e+00	2.442306927000000016e-01	-3.224074565999999753e-01	-8.899235271000000003e-01	-3.196932451000000230e-01	4.179987644000000002e-01	8.007809657000000136e-01	4.906436947999999743e-01	5.324259346999999920e-01	1.533432193000000110e+00	-8.351990807000000405e-01	-6.263316466999999978e-03	1.764350255999999895e-01	6.791257670000000468e-01	-1.461307458999999975e-01	1.254677537000000065e+00	1.467500985000000036e+00	-2.893731514999999810e-01	4.722904011999999874e-01	8.712586723999999894e-01	3.950297333000000327e-02	9.319985776000000444e-02	9.418581220999999726e-01	-3.018571938999999871e-01
6.477084534999999477e-01	-8.997255066999999551e-01	6.999675703999999610e-02	1.653936406000000026e-01	-6.695783275000000145e-01	-4.111956513000000202e-01	2.427618166999999938e-01	7.921800917000000331e-01	7.201925634000000409e-01	5.986118066000000182e-01	1.288843831000000106e+00	-1.148844192000000097e+00	4.197239871999999816e-01	2.474059289999999967e-01	6.110374148999999644e-01	-2.283328614000000034e-01	-6.461603167999999675e-01	-7.684895912000000440e-01	4.052410899000000177e-01	1.734288384000000072e-01	3.837363937000000114e-01	-4.231751027999999630e-03	2.066257846000000009e-01	4.138497603999999885e-01	-3.511168553999999831e-01
9.833669472999999606e-01	-2.420124801000000103e-01	8.343692146000000198e-01	7.513041060999999798e-01	-5.907638804999999493e-01	-7.907333625000000088e-02	7.069752082000000382e-01	9.275453846000000224e-01	1.063186095999999914e+00	7.685121476999999812e-01	1.377883479000000078e+00	-2.767888346999999860e-01	2.066063425999999925e-01	3.383335303000000183e-01	7.759546744999999968e-01	1.003207037999999995e+00	5.431116919999999793e-01	4.264033948000000018e-01	1.414248671999999984e-01	-1.239434515999999986e+00	7.710971896999999631e-01	-1.211897732999999977e-01	6.168353471999999948e-01	-9.984700376999999794e-01	2.212854146999999883e-01
8.163252117000000530e-01	2.825073069999999853e-01	1.141488819999999960e+00	1.235662732000000069e-01	-5.603790289000000202e-01	-5.512006172000000204e-01	2.573902536000000074e-01	9.211784399000000345e-01	1.030021805000000068e+00	3.679602619999999824e-01	1.552560791000000107e+00	-1.019452835000000057e+00	-2.444339597000000017e-03	3.505026920000000046e-01	-2.984861000000000111e-02	8.335934136999999522e-01	-1.401306263000000052e-01	-2.692867082000000023e-01	1.690732517000000101e-01	-5.838738780000000128e-01	-1.862745657000000055e-01	5.063414067000000518e-01	-4.646012784999999784e-02	1.878160285000000096e+00	2.290200716000000136e-01
4.579087936999999831e-01	3.630506000000000011e-01	5.055054814999999646e-01	1.824843848000000102e-01	-6.635867843999999627e-01	-1.841347144000000102e-01	-1.703946219999999956e-01	4.996066034000000156e-01	9.696966976999999988e-01	3.406954305000000072e-01	1.306407545999999975e+00	-1.322435454999999926e+00	7.249597318999999596e-01	6.009532574999999766e-02	-1.653938479000000017e-01	1.259423718000000081e+00	5.639634029000000215e-01	-5.079293220999999692e-01	6.533864118000000110e-01	2.159611268999999945e-01	-2.020139081000000003e-01	-2.040536839000000047e-01	2.492901131999999964e-01	4.387387233000000220e-01	-2.701314410000000277e-01
3.296493811999999801e-01	6.385289161999999630e-01	8.973481413999999656e-01	2.445298933000000091e-02	-3.417846688999999771e-01	-8.717779440999999796e-01	-1.988387946000000073e-01	1.087913697000000068e+00	6.943301158000000362e-01	7.075114894999999793e-01	1.641686030000000018e+00	-6.385526116999999946e-01	-4.070631234000000043e-01	4.677304607000000169e-01	4.074183999000000056e-01	2.846569381999999870e-01	7.940404442999999812e-01	3.405731171000000307e-02	-7.046046119000000385e-02	-7.940307523999999839e-01	-2.374109939999999828e-03	3.704052226000000177e-03	8.479631936999999509e-01	5.738956366999999892e-01	3.591682184000000166e-01
1.677445693000000071e-01	6.063563064000000447e-01	1.270573100000000066e-01	3.935328747999999877e-02	-5.490710022000000468e-01	-1.479761555999999922e+00	-6.968301051999999940e-01	5.378838521000000039e-01	1.009256565000000050e+00	5.787008675000000490e-01	1.464603845999999931e+00	3.480685399999999818e-02	4.459249402000000084e-01	9.235835216000000403e-02	4.464603199000000133e-01	1.545100614999999900e-01	4.324642414000000046e-01	-1.783550361000000029e-01	9.593830252000000447e-02	2.435554812999999874e-01	-2.748490122000000202e-01	3.578979010000000183e-01	5.043200284999999755e-02	1.190328872000000038e+00	1.073557133000000059e-02
-4.762789548000000150e-02	7.709770816000000027e-01	1.381692085000000014e-01	6.662610706999999577e-02	-9.535569477999999988e-01	-1.178464402999999994e+00	-5.472773991999999588e-01	-5.709924146000000533e-01	1.788623633999999907e+00	6.509070336000000179e-01	1.571731514000000107e+00	2.366370258999999920e-01	4.445120847999999708e-02	-5.102909882999999702e-01	6.694508086999999552e-01	-4.087485543000000249e-02	5.809201840000000061e-01	-2.343320505999999970e+00	8.469002896999999752e-01	6.105727200000000271e-02	-5.502671147000000040e-01	-2.469204979000000078e-01	1.000462750999999928e+00	-5.428220668000000027e-01	7.358791700000000269e-01
-5.980804101999999747e-03	8.551509574000000224e-01	6.733377342000000654e-02	2.363025112000000094e-01	-1.091904669000000050e+00	-1.175511409999999923e+00	-8.270182172000000165e-01	-6.703599349000000096e-01	1.427593263999999973e+00	4.682242288999999835e-01	1.318903629000000022e+00	7.222261407000000188e-01	9.665098045000000138e-01	-8.412160574999999474e-01	3.030775343000000066e-01	2.177276538000000039e-01	5.491845637000000169e-01	-6.932351892000000460e-01	8.178932410999999458e-01	2.487185715999999935e-01	-6.024354445999999808e-01	-2.436912407999999863e-01	9.297875058000000525e-02	-5.557894654999999684e-01	-1.568100823999999949e-01
-2.496397547000000008e-02	7.788665045999999537e-01	8.266784541999999680e-02	-2.058648121999999969e-01	-7.919908615999999846e-01	-3.203771521000000067e-01	-5.602677732999999938e-01	-5.087536313999999754e-03	1.148052115000000040e+00	1.755796454000000117e-01	1.343052246000000061e+00	4.101545396999999871e-01	-4.092951723000000097e-01	-2.091495817999999840e-02	1.922308527000000100e-01	-1.994765736999999928e-01	1.013532566999999940e+00	-2.294896501999999838e+00	8.248526342999999983e-01	-1.054575980000000079e+00	-5.058392906999999855e-02	-3.895410885000000212e-01	1.133433903000000020e+00	-1.507486700999999929e+00	-7.260972175999999556e-02
1.287676577000000100e-01	6.702456614999999784e-01	-1.351960997999999969e-01	1.882001369000000091e-01	-1.431088474999999915e+00	-8.093031192999999845e-01	-8.670183147000000146e-01	-1.758366910999999977e-01	9.172525757999999696e-01	1.833636156000000017e-01	1.088527414999999943e+00	4.981618761000000117e-01	1.565614529999999949e+00	-6.600217411000000034e-01	1.881196401000000129e-01	2.991448002000000050e-01	3.129945527999999921e-01	6.390117243999999808e-01	1.107674558999999892e+00	-1.827437758000000079e-01	-1.626155221000000095e+00	-2.599204694000000204e-01	-6.336636278999999705e-01	-1.006355408999999979e+00	-9.997573284999999865e-01
4.622705129999999940e-01	4.101280131999999745e-01	-1.152880679999999936e-01	8.343620200000000375e-01	-2.829192726000000047e+00	6.060495500000000479e-01	-1.040574450000000040e+00	1.730760582000000047e+00	-1.516913026999999969e+00	2.241863063999999933e-02	1.862318574000000060e-01	-1.122902761999999971e-01	-3.636128575999999946e+00	-9.542933400000000455e-02	1.297265080999999931e+00	1.110785075999999982e+00	7.219532076000000353e-01	1.870858917999999871e-01	-1.503668251999999983e+00	-2.483266077000000127e+00	-5.611983992999999948e+00	1.423795192999999903e+00	-8.249162092999999807e-01	9.922324201000000121e-01	3.289230101999999767e-01
4.585040911000000108e-01	1.322946734999999874e-01	-1.318675555999999915e-01	1.288216416000000031e+00	-1.086678019000000051e+00	2.317062190999999993e-01	1.376054894000000028e-01	1.931149258999999896e+00	-1.233361256000000017e+00	6.694387301999999984e-01	9.453135633999999454e-01	-5.498482748999999892e-01	-3.640923147000000082e+00	2.093222052999999860e+00	1.761095876000000060e-01	4.211990508999999827e-01	3.352431136999999839e-01	5.408356321999999716e-01	-2.638064969999999843e+00	-1.574490036999999898e+00	-3.123061444000000186e+00	1.402324316999999931e+00	-1.184015372000000038e-01	9.098337443999999774e-01	2.721940351000000202e+00
6.809632058000000265e-01	7.203814890999999943e-01	5.570741256000000252e-01	1.514713798999999916e+00	3.218075053999999713e-02	-6.047542731999999699e-01	3.032702246999999796e-01	1.348130459000000059e+00	-7.344187674000000055e-01	3.862522331000000086e-01	2.769169304999999914e-01	-2.308519549999999976e-01	1.255781723999999988e+00	1.428932204999999955e+00	3.740693495999999896e-01	6.837322028000000218e-01	-1.578902829999999924e-01	-7.207379632000000536e-01	1.981023929999999877e-01	9.496233356000000070e-01	9.223218655999999571e-01	1.178642668000000060e-01	-1.155764940000000074e+00	2.404934747999999956e-01	5.750643837000000147e-01
4.731341145999999886e-01	5.974053806000000355e-01	4.575741735000000143e-01	5.384642407999999936e-01	-1.957515308999999981e-01	-6.058199684999999723e-01	6.763920856999999787e-02	3.145652568999999787e-01	-7.086474951000000244e-01	3.118718652999999952e-01	6.598167282000000355e-01	3.634676644000000012e-01	-1.600132818999999929e+00	1.412395231000000084e+00	2.877649400999999774e-01	8.730720050000000398e-01	7.953186147999999900e-01	4.351017160000000272e-01	-4.305294451000000189e-01	-4.106904129999999764e-01	-8.712596156999999897e-01	4.619233211000000061e-01	-1.072726202000000018e-01	7.990234777000000399e-01	-2.101110482000000113e-01
4.255260590000000120e-01	5.882959309999999942e-01	8.418645891999999853e-02	5.550112619999999497e-01	7.860900838999999862e-02	-1.974938475999999943e-01	8.911102127999999400e-02	2.191362976000000018e-01	-7.652884845999999852e-01	5.914248779999999872e-01	5.510579612999999544e-01	-4.533895103000000204e-01	1.872109120000000071e-01	7.835951400999999761e-01	6.049109467000000073e-01	5.358790199999999837e-01	5.141909619000000209e-01	5.093324314999999602e-01	2.475226574000000124e-01	1.228540090000000085e+00	3.483610749000000117e-01	8.943072828999999446e-01	-8.340472092999999809e-01	-4.993168772000000089e-01	-2.725286031999999969e-01
5.850614172000000446e-01	7.985652138000000066e-01	3.621419962999999909e-01	3.510058357999999989e-01	5.628715416999999915e-02	3.447477760000000058e-01	3.411610400999999793e-01	5.008028117999999695e-01	-1.046067939999999918e+00	1.048489070000000023e+00	6.396715018999999947e-01	-5.328621266999999939e-01	-3.477597615999999947e-01	5.478241446999999598e-01	1.159003232000000105e+00	3.933141211000000248e-01	1.281169666000000040e+00	4.927269165000000006e-01	-5.280268098000000521e-01	6.218241810000000314e-01	-3.103157562000000147e-01	1.493021895999999904e+00	-7.314216485000000212e-01	-5.168143683999999460e-01	6.807853180999999809e-01
5.886163303000000457e-01	9.468233952000000286e-01	4.505336285000000052e-01	4.897479417000000224e-01	2.079149268000000106e-01	2.356638587999999868e-01	4.715392962000000132e-01	6.003903078000000226e-01	-8.317965220999999909e-01	7.860333521000000268e-01	3.091887254999999834e-01	-6.035371807999999616e-01	6.085006243999999676e-01	1.029509478000000033e+00	1.300484299000000066e+00	7.789769409999999783e-02	2.934976126000000130e-01	-6.394442457000000246e-01	1.976953258999999963e-01	7.000159459999999445e-01	4.670361053000000040e-01	-7.045313619999999943e-01	-1.014402422999999970e-02	3.540876821999999757e-01	-3.897212722000000240e-01
6.440297482000000295e-01	8.559441772000000448e-01	5.149521113999999677e-01	7.274625583999999590e-01	3.527853295999999750e-01	4.472833332999999745e-01	6.389946987000000300e-01	-1.340489901999999955e-01	-8.612093196000000228e-01	9.917718211999999589e-01	8.670295928000000263e-01	1.448034265999999974e-03	-9.559597114000000229e-01	7.295048584000000114e-01	1.381561389000000029e+00	3.336009228999999854e-01	5.952075867999999659e-01	1.384640945999999984e+00	2.505712024999999787e-01	-4.652028861999999987e-01	1.415317637000000073e-01	1.194866790000000067e+00	-1.605651459999999919e-01	-1.320381838000000085e+00	-2.892101149999999898e-01
8.273465406000000133e-01	9.722335561999999598e-01	6.983332859999999975e-01	8.293540548000000179e-01	1.564308097999999869e-01	8.365123771000000652e-02	1.278692742000000049e+00	5.289530258000000318e-01	-9.635024924999999740e-01	1.013730655999999897e+00	7.877008571999999376e-02	8.984986581999999666e-01	7.521113725000000416e-01	3.502572640000000126e-01	1.586947069999999904e+00	2.407290873000000053e-01	3.265596754000000268e-01	-8.003367422999999592e-01	3.188866960000000250e-01	-4.410442239999999847e-01	2.358638872000000108e-01	9.084527681999999826e-01	-1.181693934999999973e-01	7.142141507999999993e-03	-1.000450833999999983e-01
8.246462653999999670e-01	8.773981197000000343e-01	7.625668584000000472e-01	1.179594934000000039e+00	2.734199516999999968e-01	2.752805522999999810e-01	1.443709670999999917e+00	-4.040057523000000206e-01	-5.443261276999999954e-01	1.101567554999999921e+00	3.104640598999999779e-01	5.156432520000000519e-01	-8.888148496000000121e-01	8.091127699000000284e-01	1.426188299999999964e+00	6.792038500999999506e-01	6.056923780999999840e-01	9.480464699999999745e-01	2.085671251000000004e-01	2.054269897000000067e-01	-9.132012875999999391e-02	3.404646734999999813e-01	3.694545834999999889e-01	-3.384765195000000171e-01	-4.251920503000000129e-01
9.310588386999999466e-01	9.044510759999999649e-01	1.154920283000000047e+00	1.080791926999999930e+00	1.615592107999999916e-01	1.945562671000000132e-01	1.545935598000000022e+00	7.121056521999999944e-01	-1.057001966999999931e+00	1.181880545000000060e+00	1.069279932000000016e-01	7.685357932999999919e-01	3.374946310999999977e-01	2.626872624000000100e-01	1.772611965000000067e+00	4.551337465999999998e-01	7.578838840999999604e-01	-2.120558509000000091e-01	1.951817902999999910e-01	-6.175392079000000534e-01	4.451802483000000255e-01	9.764318225000000462e-01	-2.414464477000000109e-01	1.008114102000000067e-01	5.659049033999999923e-01
7.398819453999999629e-01	5.721752459000000179e-01	9.220935171999999902e-01	1.269596246999999956e+00	3.748803164000000243e-02	1.666666948999999953e-01	1.585133507000000108e+00	-8.172902292000000513e-01	-1.021863310000000052e-01	1.149079433999999900e+00	3.948962795000000164e-02	3.489748053999999766e-01	-5.278711005999999761e-01	4.079654964000000161e-01	1.319065243999999915e+00	9.850564651000000005e-01	-2.919679233999999957e-02	1.623279126999999933e-01	8.140577066999999944e-01	-3.441622512999999994e-01	-3.239379265999999813e-01	2.293132280999999884e-01	3.129051559000000093e-01	-3.384200050999999765e-01	-4.296545667000000179e-01
9.888602370000000308e-01	6.557415519999999498e-01	8.142435532999999781e-01	1.042155138999999897e+00	5.831917236999999837e-02	1.889367372000000100e-01	2.043361076000000054e+00	9.989046330999999945e-01	-9.119377124999999973e-01	1.500823835999999911e+00	2.882643391999999971e-01	7.841311426999999501e-01	8.596578786000000361e-02	-1.848776739000000113e-01	1.883584364999999927e+00	6.479570542999999461e-01	1.576987946999999890e+00	5.033637657999999737e-01	-2.229438109999999917e-01	1.795881867999999937e-01	4.551199736000000051e-01	3.951888209000000152e-01	-3.626084279999999826e-01	4.834065410000000229e-01	8.440933740999999602e-01
9.539730171000000425e-01	6.463633376999999847e-01	1.421086403999999970e+00	1.425775762000000002e+00	1.926666206000000048e-01	1.316102218000000101e-01	2.006011962000000093e+00	4.210332232999999813e-01	1.117072147000000015e-01	1.283447269000000057e+00	4.711993788000000127e-01	5.561477326999999526e-01	-6.819139222000000222e-01	4.026948579999999889e-01	1.890619255999999915e+00	6.519357657000000028e-01	-4.447764209000000246e-01	1.215760061999999975e+00	4.198269573999999782e-01	-2.250928322999999898e-01	-1.374399860999999945e-01	6.052946066000000069e-01	3.366559214000000022e-01	-5.635073407999999784e-01	-2.070851847000000079e-01
9.179152367999999784e-01	6.528539968000000027e-01	1.196734484999999903e+00	1.497450873000000016e+00	3.759382071999999853e-01	7.369571742999999620e-01	2.472349126000000119e+00	8.750601639999999737e-01	-2.671777524999999764e-01	1.104191114999999890e+00	-4.023801179000000006e-02	-1.105923454999999944e-01	9.732894196000000386e-01	-4.121567319000000174e-01	1.828312611000000087e+00	1.427974040000000056e+00	6.047554109999999650e-01	-6.788710620000000251e-01	2.920195969999999849e-02	1.017148194000000005e+00	9.928733730000000035e-02	3.666793792999999968e-01	-9.012046796999999554e-01	1.116115213999999911e+00	5.975571780999999749e-01
8.601335612999999602e-01	8.610982391999999486e-01	1.664570614000000059e+00	1.089898378000000001e+00	3.231795337999999740e-01	4.264260779999999862e-01	2.170727102999999936e+00	1.585903624999999983e-01	3.642600952999999753e-01	1.119640146000000058e+00	8.042779780000000045e-01	4.415811117000000008e-02	-1.441203899000000010e+00	8.139263574999999751e-01	1.458999055999999905e+00	5.303251769000000282e-01	-3.857481608000000173e-01	1.881863926999999936e+00	5.630070069999999482e-01	2.937551726000000030e-01	-1.614996971999999864e-01	-5.344864290999999934e-01	9.459580593999999953e-01	1.274268379000000007e+00	-9.472990771000000532e-01
6.611499876999999969e-01	6.898064250000000008e-01	6.425906204000000344e-01	1.363990714999999909e+00	-3.460540244000000210e-02	6.056538603000000132e-01	2.104870436000000122e+00	-9.360694859999999506e-01	-3.174289865999999766e-02	1.157709692000000068e+00	4.604808810000000086e-01	7.899372127999999826e-02	1.181009323000000055e+00	-2.573815814000000035e+00	9.500713790000000492e-01	8.599292110999999794e-01	-1.336144787000000111e-01	-1.879017289000000090e+00	5.555858982999999779e-02	1.358981304000000057e+00	-5.412598692000000211e-01	1.166432192000000034e+00	-1.738110462999999939e+00	-1.013559362000000075e+00	7.070058993000000180e-01
7.385853418000000170e-01	9.997077149999999968e-01	1.586566362999999980e+00	1.950754850000000040e+00	-2.887143226000000173e-01	-2.425842283999999904e-01	2.156682727999999827e+00	3.948200794000000236e-01	-2.820819980000000005e+00	1.316782939000000097e+00	3.027745238999999811e-01	4.192211741999999908e-01	-3.084923213000000164e+00	-1.780302124999999958e+00	1.750279380999999912e+00	1.254267543000000096e+00	6.762811887999999882e-01	-2.219214765999999894e+00	-6.453682919000000240e+00	-1.863109487000000009e+00	-7.654479526000000644e-02	4.768868037999999809e-01	1.684200243999999902e+00	-9.723336776000000015e-01	-2.168769451999999820e+00
9.750662515000000363e-01	9.790632840999999864e-01	1.699579471999999924e+00	1.631175073999999947e+00	2.924946941000000078e-01	1.839323306999999907e+00	2.256783508999999910e+00	3.302828065000000257e-01	-1.686508505000000047e-01	1.372970835000000056e+00	6.190051879000000312e-01	5.085463414999999987e-01	-5.033982072999999557e-01	7.590286944999999896e-01	1.396401663000000015e+00	1.067899206000000045e-01	-2.468327331999999874e-01	1.674543802999999942e+00	1.404243330999999984e+00	-6.243896271000000109e-01	-3.022490455999999881e-01	1.630415606999999989e+00	1.961964600999999836e-02	-1.383791015999999985e+00	4.182454840000000007e-01
8.280828135000000145e-01	1.038832623000000011e+00	1.751883861000000042e+00	1.233664075000000082e+00	4.500394310999999981e-01	6.108763245999999647e-01	2.117787627999999867e+00	9.183921307000000311e-01	-6.683853392999999921e-01	1.223055320999999918e+00	5.682780582000000053e-02	3.495653040999999739e-01	-2.307713261000000071e-01	-3.464564380999999860e-01	1.195259668000000053e+00	3.595366382999999888e-01	8.699873589000000074e-01	-3.291676045999999967e-01	-1.859411374000000117e-01	1.200284345000000030e-01	-7.020329768999999942e-01	1.944848774000000058e-01	4.810370687999999950e-02	1.333132165999999952e+00	-6.389810425999999932e-01
6.400499110999999797e-01	6.492453460999999537e-01	9.405119912999999610e-01	1.000043631000000044e+00	1.624132825000000058e-01	5.016627932999999651e-01	1.971747007999999912e+00	-7.893564150000000057e-02	5.708336399999999755e-02	1.099621838000000018e+00	3.114386744000000040e-01	9.879248635999999806e-01	6.199452220000000087e-05	1.244349945000000068e-01	7.349846099000000299e-01	2.508704215999999973e-02	1.501899282000000030e-02	7.908380402000000364e-01	7.473293534999999599e-01	5.173441399999999524e-01	-7.351310454999999688e-01	1.176077867999999915e+00	-2.572520047999999893e-01	-3.461895188999999928e-02	-2.862768546000000192e-01
6.938062239000000186e-01	6.587074844000000429e-01	1.210436547000000029e+00	1.231277600999999944e+00	4.636297255999999867e-01	7.439107856000000130e-01	2.156538732000000014e+00	9.037109333999999994e-02	1.462969433000000097e-01	1.398040468999999897e+00	-4.088842230999999994e-01	1.272578159999999958e-01	3.168666407999999879e-01	-1.840843413999999900e-01	1.209361434000000068e+00	6.670644490999999565e-01	-5.159287566000000241e-02	-7.972595877999999470e-01	3.193636894999999920e-01	6.857184537999999607e-01	-7.390727686000000407e-01	-1.803347261000000090e-01	-1.005110996000000007e-01	-1.789468566000000094e-01	-5.608601560000000541e-01
8.090794390000000114e-01	7.341258048000000036e-01	1.372301196000000001e+00	1.093748863999999932e+00	2.219057957999999997e-01	3.616954937999999897e-01	2.293429036000000032e+00	-3.864568346000000210e-01	8.193277445000000103e-01	1.590384341000000035e+00	2.336845065000000068e-02	1.353149898000000073e+00	7.837324684999999458e-02	-9.967332267999999551e-02	1.304219527999999961e+00	6.500188257000000247e-01	1.248742136000000058e-02	8.509021248000000481e-01	8.156665758000000155e-01	2.575611113999999868e-01	-7.465675944999999869e-01	4.720802172999999935e-01	-2.301938394999999971e-01	6.478379490000000240e-01	-2.975680063000000208e-01
7.650619775000000455e-01	9.143318892999999781e-01	1.754125882999999941e+00	3.388509666999999781e-01	1.997659092000000081e-01	5.118332772000000475e-01	2.018392328000000013e+00	8.270835223000000402e-01	1.828563917000000094e-01	1.072356695000000082e+00	-5.588768354999999743e-02	4.576135991999999986e-01	4.016502427000000208e-02	-7.484990314999999672e-01	1.276636061999999905e+00	9.114316837999999477e-01	1.339754616999999925e-01	-2.688149101000000263e-01	1.790531938000000101e-01	-5.486349369999999892e-01	-2.570830183999999741e-01	8.425427291000000540e-01	-5.668493379000000276e-01	9.511423133999999946e-01	-6.618961919999999388e-02
3.346616740999999728e-01	7.655656699999999759e-01	1.209140879000000002e+00	4.088240618999999798e-01	2.763271085999999821e-01	9.646788681000000309e-01	1.685103889999999938e+00	-9.401007487000000440e-01	1.289109273000000000e+00	5.945507485000000036e-01	1.585219414000000049e-01	4.201196368999999819e-01	6.246920160000000166e-01	-4.978505453000000025e-01	4.416305065000000196e-01	1.199218989000000013e+00	-1.077896820999999949e+00	-5.817761892999999684e-01	1.347312373999999924e+00	-5.341842486000000223e-01	-4.869619016999999772e-01	4.336155753000000002e-01	4.295736095000000226e-02	5.286772432999999882e-01	-6.143096498000000238e-01
4.722233544000000172e-01	1.337835529999999995e+00	1.436380183000000033e+00	4.643729401000000201e-01	5.054656753999999808e-01	9.098458931999999777e-01	1.896621415000000033e+00	4.974401882000000219e-01	1.852232212999999905e-01	1.538790703999999954e+00	3.162823532999999854e-01	4.923597901999999804e-01	-4.096920600000000245e-01	-1.172960796999999999e+00	8.018216281000000167e-01	1.183904132000000109e+00	6.819087953000000368e-01	1.722246416000000058e-01	-7.534514030000000195e-02	-8.826850864999999935e-01	-2.860529222000000038e-01	3.631999442000000133e-01	-2.799923571999999861e-01	9.763480818999999977e-01	1.561184885999999938e-01
-1.359735183000000125e-01	1.169468404000000072e+00	1.428918241000000089e+00	9.451895951000000018e-02	3.931903031999999798e-01	-5.074875429000000326e-02	1.646237240000000046e+00	2.155888401000000121e-01	1.300095363999999920e+00	1.075399035000000003e+00	4.061893011000000109e-01	6.679950100999999529e-01	5.041185231999999461e-01	-9.667504187000000582e-02	5.862567102000000308e-01	5.317928255999999632e-01	-7.095771270999999825e-01	3.320692732000000147e-01	6.079909991999999930e-01	3.283823791000000103e-01	-7.747204333999999637e-01	3.785055056000000140e-01	-3.958384248999999855e-01	3.221528795999999861e+00	6.100361573000000204e-02
-5.376736640000000511e-01	8.487508574000000028e-01	8.353600253999999836e-01	1.234580070999999890e+00	2.312695914000000019e-01	6.279189748000000293e-01	5.237588337999999899e-01	-1.920680154000000028e+00	7.667381935999999509e-01	6.746562446999999629e-01	1.324517484999999939e-01	1.291554296000000102e-01	4.821857365999999978e-02	-1.949058967000000031e+00	-5.407918664999999958e-02	7.296714481999999613e-01	-1.465328948000000020e+00	-1.822476218000000037e+00	5.242396696000000134e-01	7.042355690000000334e-02	-2.091615508000000123e-01	2.512450256000000118e-02	-1.501480028000000022e+00	1.312819358999999908e+00	7.869719813000000119e-01
-5.530305198999999616e-01	9.282705301000000464e-01	1.021530875999999921e+00	3.966197404999999843e-01	-2.256991312999999943e-01	1.603976907000000063e+00	9.470158598000000261e-02	-3.132543864000000067e+00	8.768909501999999634e-01	7.346509260000000374e-01	1.429224041999999917e-01	7.278824282000000423e-01	1.244169842000000026e+00	-6.734924599999999595e-01	-5.340543633000000012e-01	3.566247263999999806e-01	-3.199646159000000267e-01	-2.124002298000000177e+00	1.206498674999999965e+00	3.140348664000000012e-01	8.539555282999999886e-01	8.239238952999999865e-02	-6.897316672000000093e-01	1.258994463999999924e+00	1.589267092999999909e+00
-1.015104675999999984e+00	7.356255734000000102e-01	-6.983641469000000102e-02	-7.257815273000000067e-01	5.121126955999999453e-01	-9.607916627999999459e-01	-4.690433753000000094e-01	-9.248885153000000470e-01	-1.869061531999999914e+00	-6.717897912999999666e-02	5.156096181999999528e-01	-4.726556484000000169e-01	-4.818792760000000008e+00	-4.563493842999999828e+00	-1.357576589000000000e+00	5.080201474000000106e-01	1.212115905000000105e+00	-7.885486827000000032e-01	-4.814576539000000044e-01	-1.442508678999999960e-01	-4.477151228999999844e-01	-3.576657258000000006e+00	-2.103675198999999996e+00	1.978119058000000097e+00	-4.374246605999999815e+00
-1.203267448000000073e+00	4.337564317000000003e-01	-6.401390460000000449e-01	-7.913798467999999531e-01	8.835989828000000434e-01	-5.072614381000000172e-01	-4.547044827999999761e-01	1.433612816999999984e+00	-2.381053711999999933e+00	5.054733886000000176e-01	1.104790837999999997e+00	-3.129106394999999763e-01	-3.105548376999999860e+00	-9.029896215999999587e-01	-1.334326867999999999e+00	3.164564161000000264e-01	-9.082235050000000420e-01	2.909390942999999785e-01	-2.306240857000000144e+00	-9.970831589999999967e-01	-1.217256663999999988e+00	1.529548357999999997e+00	-5.478342274999999928e-01	-6.211290429000000390e-01	-1.203192424000000038e+00
-1.299185462999999929e+00	4.483072061000000219e-01	-2.016971731999999962e-01	-8.580222867000000253e-01	-4.954871831000000337e-02	-9.982160528000000310e-02	1.680660233000000059e-01	-2.927860476999999840e-03	-3.665580419999999728e-01	9.539919087000000089e-03	-4.227102864000000237e-01	1.760996901000000114e-01	1.032997064999999992e+00	6.132605479999999609e-01	-1.943614015000000084e+00	1.486054903999999954e+00	5.340749103999999775e-02	-3.244140640000000020e-01	4.941697702000000247e-01	1.050218502000000109e+00	-6.496352630999999711e-01	2.102780639000000062e-01	-5.054615632000000192e-01	7.264700781999999801e-01	6.262128973999999682e-01
-1.544554815999999997e+00	-1.219559863999999938e-02	2.571006279999999977e-01	-2.211114852000000131e+00	2.162552833999999979e-01	-1.189457216000000095e+00	-3.408416141000000232e-01	8.846446409999999538e-01	-1.771983172000000106e+00	-1.305061373000000025e+00	4.092518613000000194e-01	2.272405000999999924e-01	-1.753508183999999970e+00	3.463536763000000240e-01	-1.413398120000000091e+00	1.014430549999999931e+00	-2.300155442000000050e-01	1.176936690999999952e-01	-5.894959862999999967e-01	-8.163978524999999653e-01	-7.757700462000000075e-01	6.613992987000000268e-01	-6.989992631000000456e-01	9.376942541999999658e-01	-5.874273615999999754e-01
-2.339176871999999907e+00	-8.185024101000000218e-01	-1.764155997000000031e+00	-2.397224559000000088e+00	2.350659062999999882e-01	-5.706234021999999628e-01	-9.519588008999999573e-01	-9.660818633000000100e-01	-7.681897664000000292e-01	-1.364782380999999933e+00	-2.614547613000000048e-01	-1.558979497999999908e-01	6.654071142999999910e-01	7.652638573000000166e-01	-1.820733842999999963e+00	4.107421726000000106e-01	-8.394803517000000159e-01	-9.241933047000000512e-01	8.312123364000000292e-01	-1.205848005000000056e-01	-1.012518111999999970e+00	7.114593358999999895e-01	-5.917623612000000310e-01	-7.715088866999999517e-01	-1.353516402999999979e+00
-1.988334279000000038e+00	-1.591667676999999892e-01	-1.122206916999999970e+00	-1.033016297000000083e+00	5.550766334000000191e-01	-3.455334344000000057e-01	-5.467506017000000051e-01	-1.682461943000000126e-01	-6.038641164000000394e-01	-1.108292700000000020e+00	-1.952310874000000029e-01	-2.906583932999999842e-01	-6.754925126999999918e-01	2.140009387000000041e-01	-3.826027551000000249e-01	2.486903802000000052e-01	6.221917823999999486e-01	1.260148282000000119e-01	-4.006284050000000208e-01	6.810750345999999622e-01	-1.140614357000000051e-01	-4.862655801999999916e-01	-5.184726058999999943e-01	2.862534735000000219e-01	-9.989086376000000378e-01
-1.974989061999999906e+00	-3.389633189999999852e-01	-1.058032222000000022e+00	-1.263059340999999947e+00	1.790392963999999920e-01	-3.853280364000000180e-01	-5.173432440999999882e-01	-5.208774924000000306e-01	6.405438304999999666e-02	-1.197242482000000052e+00	-6.357877681000000392e-01	4.941532301000000071e-01	3.107562855000000068e-01	3.900470690999999768e-01	2.608231674000000000e-02	-1.079532978999999948e-01	-8.018779254000000245e-01	-3.561704010000000253e-01	6.407786801999999504e-01	1.811550866999999954e-01	-3.114281405000000058e-01	5.443225683000000314e-01	-1.482105288999999992e-01	-3.170275356000000211e-01	-1.285338362000000068e+00
-1.951999596000000059e+00	-1.037434661000000008e-01	-1.518050396000000024e+00	-8.757824456999999674e-01	2.723150567000000022e-01	1.344945347000000013e-01	-7.254866683999999788e-01	-1.839896855999999969e+00	4.953183170000000080e-01	-8.542741368999999807e-01	-9.689262594999999978e-01	-4.135158588999999774e-01	5.013641546999999532e-01	-6.774645163000000414e-01	-1.108343606000000009e-01	1.162740465000000056e-01	-3.324410104000000143e-01	-1.210175301999999897e+00	7.233330580000000287e-01	1.223996362999999921e+00	2.424781045999999801e-03	-3.803637331999999982e-01	-5.188400043999999989e-01	3.471813396000000274e-01	-1.838817206999999954e+00
-1.586618182999999904e+00	2.798074816000000187e-01	-8.582025236000000445e-01	-1.381728212000000067e+00	1.529259609999999991e-01	5.738077102999999957e-01	-1.555391141999999949e-01	-1.349802438000000104e-01	-2.485368292000000034e-01	-9.735898615000000422e-01	-3.896176701999999881e-01	-4.877473429999999999e-01	-6.148362918999999982e-02	6.868854388999999505e-02	-1.718752164000000027e-01	1.238698485000000044e-01	5.938256878000000016e-01	7.088516126999999667e-01	-1.957667810000000008e-01	1.483270644999999943e+00	4.024875432000000197e-01	-1.420661180999999995e-01	-3.967556017000000157e-01	-1.727516218999999964e+00	-5.637147528999999491e-01
-1.873336566999999953e+00	3.803703945999999808e-02	-1.190463891000000052e+00	-1.271927875000000041e+00	4.966535751000000221e-01	4.853738014999999656e-02	-8.281583049999999835e-01	-7.806287777999999511e-01	1.114802696000000010e-01	-1.075199205999999963e+00	-5.777091119999999691e-01	-3.723801629999999863e-01	5.536463772999999922e-01	9.345992453000000200e-02	-1.076072496000000100e+00	1.110096926999999956e-01	-1.113549241999999939e+00	-1.270655877999999905e+00	6.798302371000000122e-01	5.326949428999999681e-01	-6.550476585000000185e-01	1.854633408999999955e-01	-2.709575181000000166e-01	-3.645155245000000210e-01	-1.595942522999999946e+00
-1.594521290000000091e+00	1.301685006999999950e-01	-1.232609843000000094e+00	-1.416442332999999998e+00	2.679410165000000177e-01	5.019073030999999796e-01	-7.206619542000000100e-01	-9.469796591000000374e-01	2.628339093000000015e-01	-3.237671825999999808e-01	-6.996773153999999995e-01	3.642865265999999935e-01	4.337084214999999965e-01	1.128192907000000050e-01	-9.791235072999999733e-01	5.478751034000000075e-01	5.820445959000000169e-01	3.803225815000000026e-04	2.107538237000000092e-01	5.428646839999999862e-01	9.038556806000000443e-02	-2.650460350000000131e-01	-2.343748649999999878e-01	-1.428524627999999908e+00	-1.298080667000000021e+00
-1.479773095000000094e+00	2.425616184000000120e-01	-7.924166390000000337e-01	-1.207275126999999948e+00	6.396890789000000410e-01	4.611849692000000167e-01	-4.466433246000000024e-01	-2.211274826000000082e-01	3.920464457999999763e-01	-6.277008819999999600e-01	-4.279884701000000180e-01	-5.787988389999999539e-01	4.359645341999999757e-01	1.217334529000000005e-02	-5.943040462999999995e-01	1.603011879000000028e-01	-1.169788051999999912e+00	-5.865779869999999674e-01	3.711560309999999974e-01	1.554868042999999922e+00	8.600620382000000452e-01	2.549449384999999957e-01	-2.994033891999999808e-01	-2.785058746999999890e-01	-1.319760387999999951e+00
-1.575771620999999900e+00	-7.007477486999999505e-02	-1.269981030999999927e+00	-1.182002237000000067e+00	4.802512407999999788e-01	9.023013534999999585e-01	-6.756818582000000406e-01	-1.015175222000000099e+00	8.181787692999999972e-01	-1.441837107000000007e+00	-1.013558334000000061e+00	6.573094751000000402e-01	6.266639429000000483e-01	-5.588521644000000316e-02	-1.009539474999999964e+00	8.946014195000000502e-01	-8.213562415999999811e-01	-3.793962929999999956e-01	6.374058486000000467e-01	-3.808050270000000181e-01	6.326231877000000337e-01	1.217011877999999991e-01	-1.636235919000000039e-01	-8.568404289000000063e-01	-1.964693046999999915e+00
-1.527981022999999938e+00	-5.992669709000000150e-02	-1.356830560999999991e+00	-1.172942578000000013e+00	1.006976225999999919e+00	1.007569083000000032e-01	-5.502633609000000259e-02	-1.139178321000000049e-01	8.884954068999999510e-01	-1.227454430000000096e+00	-5.989625614000000375e-01	1.122389770999999925e+00	-1.037987105000000021e-01	3.142333303000000022e-01	-5.608110173999999448e-01	2.573030928000000217e-01	-4.994214826000000218e-01	3.699622259000000246e-02	-1.467746849000000076e-01	8.949924670000000138e-01	1.558168645999999935e+00	2.210158376999999952e-01	-2.843203955999999977e-01	5.477633741999999861e-01	-1.402282580000000056e+00
-1.315632864999999985e+00	-1.450627787000000057e-01	-1.221293739999999906e+00	-6.971526415000000032e-01	4.947699556999999859e-01	1.232632219999999945e+00	-6.120941154000000273e-01	-4.426822216999999893e-01	1.136923700999999953e+00	-1.080577268999999951e+00	-1.025212680000000098e+00	3.669318655000000096e-01	4.126506683000000231e-01	-1.613897246000000063e-01	-5.816360982999999596e-01	7.669670722000000440e-01	-7.743647963999999995e-01	3.097905177999999982e-01	2.035940263000000083e-01	2.896888159000000074e-01	3.057043655000000193e-01	3.141168334000000173e-01	-8.960062841999999472e-01	-1.428242350999999966e+00	-1.466056618999999950e+00
-1.101008913999999894e+00	4.189471159000000000e-01	-7.491702258000000336e-01	-1.192477930000000047e-01	1.264771623999999983e+00	3.732194832999999878e-01	-2.799415815999999890e-01	-8.615993569999999199e-03	1.024064928000000041e+00	1.853898404000000055e-01	-1.158343428000000008e+00	1.478149420999999908e+00	8.848893499000000384e-02	-4.750224929999999901e-01	-1.741120076000000072e-01	-3.594732669000000325e-02	-6.335385285000000311e-01	-5.356149822000000338e-01	8.353721891999999621e-03	-1.626065040000000128e-01	1.625995121000000099e+00	3.238649192999999982e-01	8.429275255000000244e-02	7.323272612000000237e-01	-6.745676695000000223e-01
-6.384523257999999979e-01	5.862991117000000418e-01	-3.540178653000000120e-01	2.399638615999999947e-01	-9.773674153000000420e-02	1.465167856999999962e+00	-9.633798398999999790e-01	-1.103525467000000093e+00	8.296351321999999584e-01	4.928025832999999856e-01	-1.637364577999999904e+00	3.753021818999999898e-02	1.119152214000000090e+00	-1.091669108000000055e+00	-5.499821531999999902e-01	9.111817156999999501e-01	-1.345821286999999922e+00	1.452344990000000058e+00	9.223022145000000505e-01	1.339243356000000107e+00	-1.941672520000000013e+00	-2.736081028999999831e-01	-6.138168417999999571e-01	3.877700499999999773e-01	-1.213161970999999895e+00
-7.972363785000000092e-02	1.106655146000000034e+00	-9.829634753999999530e-02	1.374672705999999966e-01	-7.564525050999999500e-01	1.492826313999999988e+00	-7.844024602000000401e-01	1.257999295999999934e+00	-1.648627250999999960e+00	6.881805290000000408e-01	-5.336801044000000216e-01	1.009159533999999914e+00	3.180762503999999824e-01	-9.962666056000000214e-01	-3.665758613999999666e-02	4.138467478000000255e-01	-4.851179126999999869e-01	2.059225360000000116e+00	-7.481383148000000372e-01	-5.542682128000000485e-01	-2.971502246000000055e-02	-6.744280006999999744e-01	-1.810146350999999876e-01	4.309265498000000028e-01	7.452532119000000455e-01
-4.689753220999999805e-01	1.097479415000000014e+00	3.768496013000000033e-02	5.557582017000000096e-01	1.532464371000000103e+00	1.053787808000000048e+00	-4.023523802000000260e-01	-2.133343013000000010e-01	1.371948033000000011e-01	5.138138778999999934e-01	-7.771494966999999976e-01	6.779251101000000057e-01	-2.942203791999999929e-01	-6.438281297999999542e-02	-1.525964926999999971e+00	-1.847313047999999888e-02	-1.523061548000000043e+00	-3.514056998999999792e-01	4.371411822999999863e-01	8.533398206000000208e-01	8.445630646999999769e-01	-2.245066786000000092e-01	8.491390337999999982e-01	-1.258300938000000091e+00	3.773375145000000264e-01
-3.297550870000000023e-01	1.098026632000000058e+00	9.439183231999999368e-02	1.221731627000000042e-01	7.802317291000000488e-01	1.171496550000000081e+00	-3.424482743999999745e-01	7.605629307000000283e-01	-5.853112454000000131e-01	5.833683374000000477e-01	-1.264288494999999957e+00	1.028570310999999959e+00	5.470761054999999651e-01	-8.614911727999999824e-01	-7.754683767000000172e-01	6.386784225999999620e-01	6.174552545999999476e-01	1.677138870999999865e-01	-2.260371189000000003e-01	-4.652933019000000253e-02	1.175413047000000016e-01	1.214859642000000045e-01	3.977409603000000016e-01	-7.671712859999999523e-01	4.035157514000000112e-01
-5.291388571999999790e-01	1.104107412000000066e+00	5.416206221999999570e-01	1.501203868000000052e-01	1.363516398000000018e+00	3.480970335999999943e-01	-1.963871614999999904e-01	-4.444228461999999991e-01	6.791080323000000529e-01	1.336857256000000049e+00	-1.294779051999999986e+00	8.412660523999999640e-01	-4.511851939000000034e-01	8.026452731000000007e-03	-4.958480585999999746e-01	2.896299729999999850e-01	-6.406315434999999558e-01	5.222096334000000395e-01	6.864268376000000060e-01	5.593444890000000003e-01	2.245796834000000075e-01	-5.602878934999999672e-01	1.012099719999999925e+00	-1.183407263999999959e+00	-1.571917837000000040e-01
-3.501673571999999734e-01	8.385526813000000468e-01	3.618002714999999925e-01	2.251422446000000133e-01	9.565402302000000079e-01	1.161155119000000013e+00	-2.608116274999999762e-01	1.245602980999999942e-01	3.842490380999999955e-01	1.791788998999999993e+00	-1.671964835000000038e+00	1.176888564999999942e-01	8.767265565999999843e-01	-1.351872879000000083e+00	1.701539091000000004e-01	5.713950483999999941e-01	1.008942253999999955e-01	3.937548585000000267e-01	3.485127417000000172e-01	9.845420513999999512e-01	-2.362578894000000040e-01	9.226873146999999831e-01	-7.182329681000000354e-01	-4.925814364000000167e-01	1.343867868000000021e+00
-2.452278756000000060e-01	9.866815533999999666e-01	1.177842459000000064e+00	6.836963007999999897e-01	1.253673870000000079e+00	1.019580732000000101e+00	1.313432612000000055e-01	-9.494891614000000590e-02	6.542171097000000213e-01	1.591278981000000092e+00	-1.968840877000000100e+00	9.054949178000000209e-01	7.496291505999999605e-02	-2.842458775999999743e-01	7.599115831999999626e-01	5.581397291999999899e-01	-5.990879044000000375e-01	-4.883167297000000073e-01	7.978295014999999824e-01	-6.903756429999999833e-01	8.118347289999999772e-01	-1.117698121999999961e+00	1.609441772000000048e+00	-4.979465292000000154e-02	4.387611067000000142e-01
-2.125034083000000018e-01	9.872826261999999575e-01	8.665752598999999501e-01	8.529670976000000016e-01	1.142130174000000054e+00	6.186878343999999696e-01	2.966449080999999932e-01	-1.205986260000000004e-01	2.759296267999999941e-01	1.303208872999999990e+00	-1.447052261000000062e+00	1.258051449000000099e+00	-2.748688498999999896e-01	-1.132173564999999993e+00	9.531794098000000437e-01	9.059297417999999658e-01	1.236259497999999957e-01	1.483780054999999987e+00	1.453777849000000011e-01	3.101520144000000090e-01	6.405001354999999563e-01	2.284191416999999946e-01	5.963670811000000294e-01	9.126808860999999773e-01	6.242238222999999531e-01
-2.303731552000000127e-01	9.790736353000000225e-01	9.141949857000000179e-01	1.074770258999999895e+00	1.247874072999999973e+00	1.165287508000000027e+00	3.847220686999999750e-01	2.458124411000000009e-01	4.864596355999999955e-01	7.860138236000000500e-01	-1.194472659000000103e+00	7.084895012999999908e-01	2.090772741999999962e-01	-9.475791135000000143e-01	7.453829175999999723e-01	2.907891556000000155e-01	-9.744124704000000081e-01	9.430103235000000250e-01	8.226469213999999530e-01	1.076624534000000022e+00	4.792288759000000176e-01	4.624290518999999988e-01	1.646638689999999905e-01	6.853151221000000071e-01	1.642558664999999918e+00
-1.942237844999999963e-01	1.179748868999999978e+00	7.300943531000000375e-01	1.054735117000000111e+00	1.238540615000000011e+00	1.164243123000000102e+00	3.726419899000000258e-01	4.391814558000000090e-01	-6.935589217999999813e-03	7.087026725999999721e-01	-1.668098049999999999e+00	1.094075214000000074e+00	7.101541417000000189e-01	-1.116812208000000028e+00	6.935977811000000326e-01	7.924417078000000059e-01	-5.469222394999999626e-01	-2.518522857000000115e-01	-6.160811422999999676e-02	-3.808704953000000004e-02	2.051479099999999889e-01	2.596134767000000121e-01	3.440119305000000072e-01	4.178986272999999918e-01	8.360371411999999447e-01
2.133868368000000140e-02	1.357949749999999955e+00	1.184762415000000013e+00	1.275718619000000054e+00	1.518255472000000106e+00	1.334888242999999974e+00	-2.440551238000000095e-02	-1.175544955999999974e+00	4.770435686000000231e-01	8.793387772999999852e-01	-1.289316995999999937e+00	6.264285386000000289e-01	-2.608812990000000109e-01	-4.674376317999999753e-01	6.715304387999999625e-01	3.906043974000000252e-01	-1.679868874000000067e+00	5.809707885999999544e-01	6.933660296000000445e-01	1.060969025999999982e+00	3.923369906999999990e-01	-7.148272202000000020e-01	7.723805121000000273e-01	1.024758046999999950e+00	1.793298202999999980e-01
5.779176985000000072e-02	1.214276136999999922e+00	7.255259714999999776e-01	8.833872171999999912e-02	1.358048525000000062e+00	2.153583177999999876e+00	1.229022718999999986e-01	-7.319029666999999906e-01	-1.043640656999999944e-01	7.800609083999999749e-01	-1.665302559999999987e+00	1.086018173000000031e+00	1.243716068999999980e+00	-1.806087988999999894e+00	3.977193935000000180e-01	4.909850887000000164e-01	2.470882061000000129e-01	-1.088230720999999956e+00	-5.587759082000000321e-02	5.591056964999999712e-01	4.711838933999999979e-01	8.584130304000000544e-01	-3.304119313000000169e-01	-3.688721200000000255e-01	4.850046129000000206e-01
3.071797101000000030e-01	1.609758733000000053e+00	8.492157513000000435e-01	5.063877128999999533e-01	7.091643449000000210e-01	1.724251849999999919e+00	2.715467599999999981e-01	-1.318098060000000016e-01	-9.718114542000000355e-01	7.872724409000000367e-01	-9.152394803999999717e-02	1.304156791000000037e+00	-8.162569729999999968e-01	1.154912257000000109e+00	8.370496164999999822e-01	3.365693429000000264e-02	-1.031926711000000108e+00	-1.870388846000000105e-01	-3.669535108999999906e+00	-2.157462125999999869e-01	-4.862777211000000044e+00	-3.376673905000000087e+00	1.864371124000000046e+00	-3.178698126000000235e-01	1.110117169000000015e+00
6.825499843000000233e-01	1.384820095000000029e+00	8.546708500999999902e-01	1.060043147000000019e+00	1.374177487000000086e+00	2.024005917000000210e+00	-1.637675670999999902e-02	-4.432123880000000127e-01	-1.214876110999999925e+00	6.094747348000000287e-01	-6.679802674000000495e-01	1.347528489000000107e+00	9.309059650999999824e-02	-1.123224900999999942e+00	8.249304938000000531e-01	1.999072330999999980e-01	-1.375140140999999927e+00	2.345556178999999908e+00	4.954006666999999919e-01	1.265443512000000048e+00	6.448906229999999962e-01	1.562682311999999962e+00	-9.318815383999999868e-01	-1.462100527999999899e+00	2.343442872999999871e+00
5.316268987000000168e-01	1.469186888000000080e+00	1.364443507000000055e+00	7.731005748999999483e-01	1.476532343999999997e+00	8.711790520000000093e-01	9.963284941000000172e-01	-1.663058836000000096e-01	-4.813334559999999929e-01	2.145794353999999904e-01	-1.854537783999999911e+00	2.655556913999999935e+00	4.866669048999999747e-01	-4.815505963000000222e-01	6.109394063999999958e-01	3.767175865999999873e-01	-1.092990418999999935e+00	-7.408032707999999689e-01	5.519415143999999857e-02	6.476372795999999488e-01	5.134968753999999969e-01	-7.725019298999999950e-01	1.206463950000000063e+00	1.553121841999999919e+00	1.217191189000000007e+00
3.664086059000000173e-01	9.656746165999999798e-01	7.702009608000000007e-01	2.270152585000000112e-01	1.400870854999999970e+00	1.395062749999999907e+00	1.288628514000000058e-01	-1.710426508000000068e+00	-3.315991339000000093e-01	1.937433158000000100e-01	-1.425180898999999890e+00	1.595212008000000070e+00	-8.086300422000000654e-02	-9.237860696999999899e-01	9.497824461999999218e-03	6.845287328000000393e-01	-8.194655757000000040e-01	1.471336403000000015e+00	4.656633814000000204e-01	1.443344023999999948e+00	5.946583123999999998e-01	5.760479305000000272e-01	-3.984591232999999955e-01	-9.392918371999999794e-01	8.499672085999999682e-01
3.805366260999999972e-01	1.158424391999999914e+00	1.094538903999999979e+00	-2.432840987000000066e-01	1.742332658000000034e+00	1.695602950999999914e+00	5.964887636000000271e-01	-2.864087993000000165e-01	-5.234045493000000215e-01	6.191546780000000139e-01	-1.550214366000000066e+00	1.006181965999999983e+00	3.365176637000000248e-01	-6.337143190999999787e-01	6.640822485999999802e-01	2.990579869000000168e-01	-7.790205762999999894e-01	1.343198437999999946e-02	1.798732755000000127e-01	1.663027967000000107e+00	3.709959562999999849e-01	2.783265555000000169e-01	8.500920451000000266e-01	-6.654008112999999502e-01	1.162619867000000085e+00
2.403972362000000029e-01	9.491136238999999808e-01	1.176352139000000019e+00	-4.775080043000000107e-01	1.567830467999999922e+00	1.296856674000000043e+00	8.264152892999999944e-02	-1.262755797000000069e+00	-1.678270383000000088e-01	9.380369873999999664e-01	-1.522159924000000109e+00	1.306593612999999987e+00	2.794793664000000052e-02	-9.133939411999999480e-01	1.982575162000000113e-01	1.105260300000000084e+00	-1.946156656999999957e+00	1.199859046999999901e+00	4.110072932000000123e-01	4.013646969999999925e-01	3.102579965999999745e-01	6.469991869000000229e-01	-9.527061813999999906e-02	6.986930122000000187e-01	7.790024354000000262e-01
-2.180139047999999913e-01	6.763812895999999908e-01	4.929761735000000034e-01	-8.770471305000000495e-01	1.262700673000000107e+00	7.037272275000000521e-01	3.518627167999999750e-01	-6.504270664000000313e-01	-3.631708499999999895e-01	4.828860113999999815e-01	-2.142922913000000040e+00	2.454340162999999908e+00	4.879873457000000192e-01	-8.224671664999999576e-01	-7.511601525000000112e-01	1.196005090000000104e+00	-1.262240663999999901e+00	-4.863378286999999744e-01	-1.665987122000000056e-02	8.540459714999999452e-01	2.787869189000000136e-01	3.075730996000000106e-01	5.124918122999999603e-01	2.636803437999999833e+00	1.198768921999999959e+00
-8.442085172000000082e-01	3.524649343999999851e-01	1.487316542999999880e-01	-1.080670505999999920e+00	1.082320693000000000e+00	9.607635894999999593e-01	-2.869165616000000085e-01	-1.603549593999999967e+00	-5.540273188000000015e-01	-4.248255294000000126e-01	-1.615644303999999920e+00	1.254468818999999957e+00	1.064932504999999922e-03	-9.305262623000000177e-01	-1.397782614000000034e+00	9.190667568000000509e-01	-8.323218435000000470e-01	1.065990994999999941e+00	1.482332815999999887e-01	1.642221115999999981e+00	7.929787385000000022e-01	-3.430060437999999934e-01	2.645910606999999845e-02	1.446785980000000027e+00	3.608263049000000056e-01
-1.224266827999999974e+00	1.643432492999999939e-01	-1.988917704000000009e-01	-1.492320805999999944e+00	1.204039614000000036e+00	1.113427877999999982e+00	-3.233591710000000008e-01	-5.086710164000000090e-01	-8.605920034999999801e-01	-1.039132061999999967e+00	-1.367182676999999957e+00	5.782706725999999797e-01	3.467368024999999965e-01	-7.507343376999999762e-01	-9.258709987000000030e-01	3.998450964999999968e-01	-1.553436108999999954e+00	-4.889175826000000114e-02	3.615746939999999743e-01	2.158138591999999800e+00	5.037500803000000138e-01	2.786368655999999985e-02	6.207201353000000310e-01	4.672329038999999962e-01	9.677551747999999510e-01
-1.592981688000000062e+00	-3.985639178000000005e-01	-1.099272255000000031e+00	-1.305076047000000017e+00	1.060356634999999992e+00	7.445463465999999642e-01	-1.239757188000000010e+00	-2.077815503000000064e+00	-9.146031744999999491e-01	-1.169902334999999960e+00	-1.521087113999999962e+00	8.480824972999999600e-01	5.798651229000000296e-01	-8.061077915000000038e-01	-8.780387519000000252e-01	8.595371048000000069e-01	-2.085789023999999880e+00	1.829638362000000074e-01	3.287279263999999812e-01	3.864714054000000232e-01	1.787827895999999916e-01	-8.159907846000000187e-02	3.586309382000000268e-01	3.677686955000000202e-01	-3.847344691999999844e-01
-1.511803932999999933e+00	-2.462054921999999868e-01	-1.219064871999999911e+00	-2.035987228999999843e+00	1.229938366000000061e+00	1.119466783000000021e+00	-2.280617487999999915e-01	-5.521105227000000504e-01	-7.538493934000000118e-01	-1.615183486000000057e+00	-1.320127344000000091e+00	1.186348065000000007e+00	-3.625762686999999818e-01	-8.090882334000000231e-01	-3.102247725000000234e-01	1.735572981999999875e-01	-4.163715512999999757e-01	6.305197828999999921e-01	1.052829111000000012e-01	2.199832730999999875e+00	1.282651981000000108e+00	-4.017951397000000258e-01	1.217004610000000042e+00	1.244252718000000035e+00	6.522410781999999907e-01
-1.857764970999999932e+00	-5.950427485999999488e-01	-1.199328399000000100e+00	-1.209854282000000003e+00	1.245844890999999954e+00	8.432943559000000144e-01	-1.052426992000000006e+00	-1.964555263000000052e+00	-9.460379521999999763e-01	-2.263930730999999863e+00	-1.455884374000000037e+00	4.307965215999999820e-01	1.116156029999999966e+00	-8.411663441000000185e-01	-1.245580517999999914e+00	1.006998792000000087e+00	-2.720595933999999883e+00	-1.620856230000000120e-01	2.919478286000000145e-01	1.096537818000000053e+00	7.420258622000000526e-02	3.192282651000000193e-01	-5.857605243000000295e-01	-8.896737913000000164e-01	-6.449241712000000071e-01
-1.671799599999999941e+00	-1.260730190000000084e-01	-1.233898369999999911e+00	-6.655204914000000249e-01	1.452042269999999968e+00	1.800071018000000134e-01	-1.155443355000000061e+00	-9.064287799000000367e-01	-2.947172419999999793e+00	-1.713742276000000064e+00	-2.128248247999999995e-02	1.207436259999999928e+00	-4.791125604000000260e-02	-2.448382131999999878e+00	9.493226714999999927e-02	1.338728072000000102e+00	4.348232052000000070e-01	-1.173465471000000038e-02	-3.091884501000000007e+00	4.619012730000000011e-01	1.277824314999999933e+00	-2.179771876000000108e-01	-2.529816308999999763e-01	1.365750558000000003e+00	-4.705865423999999742e-01
-1.699582034999999935e+00	-1.866587375000000049e-01	-8.663765337000000066e-01	-1.000084720999999899e+00	1.008957246999999890e+00	7.554913353000000109e-01	-6.089333942000000333e-01	-9.595168656000000462e-01	-1.459499506000000002e+00	-1.217638318000000108e+00	-7.902758127000000243e-01	8.792326920000000101e-02	-5.679067928000000043e-01	-4.880889053999999949e-01	-1.430847935000000071e+00	-4.531929373000000150e-02	-2.382372306999999800e+00	1.112638569000000022e+00	8.104351086000000093e-01	1.491858415000000049e+00	1.778387375000000103e-01	-1.126109032000000010e-01	2.381052477999999972e+00	3.889864216000000208e-01	1.408145562999999933e+00
-1.952756947999999992e+00	-4.220839574999999955e-01	-9.474877752999999458e-01	-1.609785996000000052e+00	1.056587335999999988e+00	4.963685834000000074e-01	-1.140912839000000067e+00	-1.077550494000000025e+00	-1.926621198000000090e+00	-1.024436510999999994e+00	-1.761114792000000095e+00	6.397553735000000019e-01	7.757108937000000148e-01	-1.216490776999999968e+00	-1.094497964999999962e+00	1.016190163000000091e+00	-1.748111824999999953e-01	-8.821514324000000462e-01	2.866127378000000170e-01	1.781282606000000046e-01	1.383905890000000083e-01	-5.352064354000000135e-01	1.607371316999999911e+00	-6.356374387000000015e-01	1.290037257999999909e+00
-2.070789206999999799e+00	-5.925577086000000104e-01	-1.040908968000000101e+00	-1.920047878000000097e+00	9.288058775999999961e-01	-2.792942807000000083e-01	-1.401644727000000090e+00	-2.361965046999999984e+00	-1.397140126999999898e+00	-4.074659668999999762e-01	-1.324950964999999981e+00	6.552410159999999539e-01	-1.956674281999999931e-01	-3.281543135000000166e-01	-1.502792204999999992e+00	3.679605422000000181e-01	-2.732902134000000149e+00	5.951979340999999923e-01	8.936483409000000044e-01	4.111275464999999962e-01	2.130838924000000023e-01	-3.418642217000000261e-01	1.866731348999999929e+00	8.589538862000000163e-01	-7.101951403999999524e-02
-1.803474395999999924e+00	-8.520620290000000541e-01	-2.283733685000000069e+00	-2.052324304999999960e+00	1.050001283000000063e+00	9.592249323999999522e-01	-1.983920461000000079e+00	-3.535356263999999804e+00	-1.033565472000000041e+00	-2.354995887999999926e-02	-1.749902480999999899e+00	7.359408125999999939e-01	1.446075497000000043e+00	-1.136543491000000072e+00	-2.253507393000000025e+00	9.573286345000000530e-01	-2.276587262000000056e+00	-1.219530140000000040e+00	1.278073910999999896e+00	1.892636414000000045e+00	1.480440798000000058e+00	-2.982228060000000069e-01	-1.028615529999999945e-01	2.660166944999999838e+00	-7.139487209999999529e-01
-2.150992521000000046e+00	-9.608286381999999737e-01	-2.459668274999999849e+00	-3.102218376999999805e+00	5.187558233000000296e-01	8.569373126999999535e-01	-1.388878269000000110e+00	-2.262128361999999893e+00	-1.973808125999999996e+00	-1.114202592000000047e+00	-1.313964767000000089e+00	1.542645840000000046e+00	-8.981649706000000011e-02	-6.737463582999999590e-01	-2.864972434999999873e+00	4.109166229999999809e-02	-9.255875785999999605e-01	1.736801082999999968e-01	7.495635037000000223e-01	8.518295365000000396e-01	2.730306509000000048e+00	-1.308427613000000100e+00	1.504332557999999986e+00	4.463633504999999779e-01	-5.983068777000000171e-01
-2.076627230000000157e+00	-6.510179052000000244e-01	-2.849345086000000027e+00	-1.925702135000000093e+00	1.206368451999999980e+00	7.495266921000000027e-01	-1.360891478999999959e+00	-1.784514327999999983e+00	-1.456973473999999991e+00	-1.394102364999999955e+00	-1.004109651000000047e+00	7.890358130000000303e-01	5.016809702000000204e-01	-1.349612486999999916e+00	-3.571492002999999915e+00	5.031627763999999559e-01	-1.195428847999999933e+00	3.963620370000000004e-01	4.603704269000000182e-01	1.035880042000000056e+00	-1.476763387999999955e+00	-5.850128084000000284e-01	9.050121065999999770e-01	-9.086005338000000542e-01	-3.155531020999999825e-01
