-5.515042837000000420e-01	-1.766508981000000089e+00	9.959233058999999999e-02	-3.327986445000000182e-01	-7.929406656000000109e-02	1.791543748999999963e-01	-1.286482217000000094e+00	-1.082279261000000048e+00	-1.957691484000000093e-01	4.796758750000000397e-03	8.209436632000000067e-01	-9.164872213000000434e-01	9.856796388999999881e-01	2.135195282000000028e-01	-9.036366018999999472e-01	9.413488761999999621e-02	-2.329722181999999808e+00	-1.340599032999999940e+00	-5.813055660000000513e-01	-2.240351229999999916e+00	-8.897579915000000117e-01
-5.196278889000000012e-01	-2.025603894000000071e+00	-1.143645008000000046e-01	-6.910074957999999823e-01	-3.539137819000000018e-01	4.740150729999999951e-02	-1.042268058000000108e+00	-1.004763800000000096e+00	-6.696794925000000287e-01	-5.149491362000000461e-01	5.646136376000000512e-01	-4.129127461000000054e-01	5.729787424000000184e-01	-9.989609181000000393e-02	-1.007721410000000040e+00	4.317475974999999966e-02	-1.801938014000000088e+00	4.375959197000000023e-01	-1.084118673000000088e+00	-1.413184141999999976e+00	-1.261961427999999996e+00
-6.219479931000000406e-01	-1.748198071000000020e+00	-5.553493990999999741e-02	-6.662929061000000264e-01	-3.690829010000000188e-01	-4.788888227000000219e-02	-5.851741727999999476e-01	-8.533141081999999766e-01	-6.974530803999999806e-01	-7.541211577999999971e-01	4.792124765999999925e-01	-1.269269712999999911e+00	5.166425666999999722e-01	9.137335353000000104e-01	-2.019774976999999971e+00	-2.579735442000000156e-01	-1.035530695000000057e+00	-9.321576656000000183e-01	-1.261649801999999987e+00	-5.772853287000000444e-01	-6.418805938999999627e-01
-2.403398264000000117e-01	-1.830064683000000025e+00	-5.602939232000000436e-01	-1.263273943999999871e-01	-1.980164864999999982e-02	3.436551996000000164e-01	-7.454301680999999569e-01	-1.443003704999999970e+00	2.766144053999999852e-01	-4.878023152000000029e-01	3.766500629999999794e-01	-3.394644887000000111e-01	1.078966681999999899e+00	1.501200352999999987e+00	-2.364534157000000025e+00	-1.359390434999999953e-01	-1.455153850000000082e+00	-8.465037549999999689e-01	-8.111515160000000169e-01	-6.983210001999999861e-01	-1.216096311999999902e+00
-4.829274071999999918e-01	-1.772534105999999943e+00	-5.930173011999999577e-01	7.500746507000000118e-02	-3.298511992000000004e-01	2.001689036000000033e-01	-1.315768416000000052e+00	-1.277172390000000046e+00	-3.988003714999999727e-01	-6.371089908999999496e-01	-4.187222331000000075e-01	-4.899694614999999809e-01	8.477567969000000536e-01	-2.078702269999999908e-01	-1.248254568999999981e+00	2.236425863000000014e-01	1.668115106999999986e-01	-1.470544558000000057e+00	-5.367127894000000010e-01	-1.829850996999999868e-01	-4.308519062999999760e-01
-6.689726116999999972e-01	-1.788010423000000015e+00	-2.102310759000000084e-01	2.157386189000000051e-02	-4.150450830999999896e-01	4.738950612999999756e-01	-6.614677220000000357e-01	-9.828173112000000433e-01	-1.214451744000000000e+00	-9.466983137999999964e-02	8.465264563999999603e-02	-3.479487846000000051e-01	6.095456882999999992e-01	-2.618913225999999761e-01	-1.653308986000000091e+00	-8.673797486000000001e-01	-1.950529396999999943e+00	-2.783489014999999789e+00	-3.258405241999999813e-01	-4.399205526000000144e-01	1.263073049000000003e-01
-1.650428019000000079e-01	-1.544747124999999999e+00	2.254448302000000015e-01	6.958415838000000520e-01	4.455154506999999819e-01	5.516669382000000121e-01	-3.712945120000000210e-01	-6.209504552000000288e-01	1.391691141999999992e-01	6.951688785999999842e-01	-2.090085344000000012e-01	-5.955035503000000174e-01	7.026167614999999367e-02	1.026524478000000018e+00	-2.050745837000000016e+00	-4.207414192999999747e-01	-1.314002094999999981e+00	-1.371565995999999954e+00	-1.567616142999999962e+00	3.784204238000000164e-01	-1.205812930000000005e+00
1.292355166999999971e-01	-1.754393658999999994e+00	9.471958634999999571e-02	7.763830953999999451e-01	1.851811567999999894e-02	6.732751911000000034e-01	-9.591708036000000728e-03	-4.317521277999999962e-01	4.613563847000000107e-01	-1.423198874999999919e-01	-9.504856741999999359e-02	-8.006408414000000251e-01	3.851540983000000251e-01	-3.763045512000000037e-01	-4.879778155000000228e-01	1.074701509999999915e+00	-1.975449657999999997e-01	-1.332012704999999908e+00	-6.410046675999999666e-01	-5.131146406000000049e-01	-4.626002947000000254e-01
-2.373065500000000050e-01	-1.693433618000000029e+00	2.811760682000000178e-01	4.548746918000000083e-01	1.466764174000000087e-01	3.690167308000000257e-02	1.308570017000000030e-01	-5.677169976000000506e-01	9.979116772000000413e-02	-2.791906936999999922e-01	-3.810765931999999800e-01	-7.543800468000000370e-01	-4.090563214999999864e-01	3.033075130999999813e-01	9.555639186000000063e-01	-4.719980927999999909e-01	-1.888258248999999944e+00	-1.068826387000000100e+00	-2.356026632000000065e-01	7.223579704000000490e-01	-2.944795167000000102e+00
8.199171891999999795e-02	-1.571588385000000088e+00	1.040070001999999993e+00	9.128576988000000059e-01	8.340880627000000214e-01	1.088833004999999909e+00	1.248869455999999933e-01	-3.213863849999999689e-02	5.373569219999999591e-01	5.938794136999999695e-01	-1.426775959000000094e-01	-6.646788921999999822e-01	-8.330694264000000349e-01	-1.005272140000000036e-01	-3.581351225000000138e-01	1.812689114000000101e-01	-2.090586146999999784e+00	-9.142867528000000465e-01	-1.128029638999999973e+00	8.035098817999999921e-02	-1.123460953999999984e-01
1.849728335999999973e-01	-1.581102946999999981e+00	8.703014814999999738e-01	7.900068453999999907e-01	5.903559560000000150e-01	4.326362222999999840e-01	4.160063118999999809e-01	8.066249475000000432e-03	3.162005936000000239e-01	4.164605197999999842e-01	8.934919957999999662e-02	-9.284436439000000041e-01	-3.221741837000000053e-01	6.343767828999999914e-01	-6.262748296000000270e-01	-3.733876886000000311e-02	-1.655102343000000031e+00	-1.869311463000000062e+00	-7.038277359000000288e-01	-3.304756863000000294e-02	-1.205543515000000010e+00
4.415208186999999840e-01	-1.421599834000000007e+00	1.619611724999999947e+00	1.022292715000000074e+00	1.410012154999999989e+00	1.376163561000000035e+00	3.293652903000000021e-01	4.713791444000000053e-01	1.189938023999999928e+00	9.279340570999999871e-01	4.600600589000000129e-01	-8.410863681000000369e-01	-3.194592076000000308e-02	-2.687331089000000173e-01	-1.287878010000000073e-01	7.317408090000000476e-01	-1.844644533999999947e+00	-1.449958877000000035e+00	-7.210006476000000442e-01	-6.845383223000000017e-01	-8.446966822999999458e-01
1.168422999999999989e+00	-1.558680918999999943e+00	1.246840313000000089e+00	1.463564807000000023e+00	1.001991341000000091e+00	1.650366750999999965e+00	9.307648536000000528e-01	4.250069806999999811e-01	5.852599494000000346e-01	9.548342698999999767e-01	1.570329845000000057e+00	-1.664170105999999982e-01	1.062493664000000004e+00	7.012686334000000077e-01	2.369743813000000088e-01	9.731366529999999626e-01	-1.901135540000000068e+00	1.270816208999999919e+00	-7.838516497999999944e-01	-1.170500689000000039e+00	-6.349552264000000168e-01
1.038560294999999911e+00	-1.448075167999999913e+00	6.602258987000000356e-01	1.187140059999999941e+00	1.209532116999999962e+00	1.911301147999999950e+00	6.385259626999999494e-01	3.196600206999999916e-01	1.150192008999999960e+00	3.240595631000000032e-01	1.047246727999999960e+00	-5.002328132000000149e-01	5.153270392000000033e-01	1.268932133999999934e+00	-1.884375387999999985e-01	3.094704006999999812e-01	2.159751534000000084e-01	3.668556821999999773e-01	-6.233226157000000267e-01	1.223511912000000007e-01	-1.021130548999999998e+00
9.004413553000000237e-01	-1.532925011999999976e+00	9.790401055999999880e-01	1.252287324000000091e+00	1.525005107999999998e+00	1.963769759000000059e+00	8.396350807000000360e-01	3.707863994000000218e-01	9.818809451000000132e-01	1.187066224999999975e-01	1.008438830000000008e+00	-4.142109162000000011e-01	1.953253754000000009e-01	6.722483652999999837e-01	6.497769482999999832e-03	9.308782758000000435e-01	7.610312872000000173e-01	3.852178055000000240e-02	-1.441660203000000084e+00	4.073676249000000027e-01	6.101520875000000510e-01
1.026517772000000051e+00	-1.428236754999999913e+00	1.401356507000000029e+00	1.285225167999999973e+00	1.470779859999999939e+00	1.819901100000000049e+00	1.200617443000000062e+00	3.392752567999999802e-01	6.052505366999999525e-01	1.314244234999999983e-01	1.684102973999999975e+00	-5.566797576999999997e-01	3.474652933999999860e-01	8.531552690999999466e-01	-1.042323665000000066e-01	7.741703687000000000e-01	4.816377010999999819e-01	-4.423534394999999869e-02	-8.488776133000000002e-01	3.997215371999999767e-01	6.822647701999999814e-01
1.137140763000000110e+00	-1.324008832999999941e+00	1.454923532000000019e+00	1.371779295999999926e+00	1.276333641999999990e+00	1.747353334999999896e+00	9.051416807000000064e-01	1.766713822000000045e-01	9.617327275999999481e-01	-3.734548447000000243e-02	1.535684714999999922e+00	-1.014128375999999943e+00	4.451479017000000149e-01	1.660661527000000026e+00	-5.929409737999999930e-01	1.470737514999999884e-01	-2.125570840999999878e-01	-8.916807638999999508e-01	3.752379526999999881e-01	2.934709683999999763e-01	2.351748632000000006e-01
9.669991610999999487e-01	-1.211131965000000088e+00	1.813988877000000111e+00	1.508553786000000008e+00	1.433543447999999998e+00	1.797953208000000025e+00	6.035901875000000416e-01	1.208540537000000054e-01	1.374338703999999911e+00	-1.093660513999999973e-02	1.011489794000000053e+00	-8.455090061000000157e-01	4.029959753999999839e-01	1.071687100999999975e+00	-2.570640731000000123e-01	1.430969029999999975e+00	-2.182283161000000138e-01	-1.663701070999999976e+00	2.435196324999999995e-01	3.064669458000000013e-01	5.267493491000000416e-01
1.155274797999999992e+00	-1.305925377000000109e+00	1.800310151999999997e+00	1.464412212999999907e+00	1.534103039999999973e+00	1.605650051000000023e+00	1.715817055999999896e+00	2.032062273999999946e-01	8.081480759000000402e-01	5.717080767000000119e-01	1.447961228999999905e+00	1.101001974999999966e-01	5.023126145999999848e-01	1.537661423000000083e+00	1.159686429000000019e-01	9.047353565000000319e-01	2.043350915000000101e-01	-2.213857532999999878e-01	2.905496818000000148e-01	1.925455212999999943e-01	8.417639943000000402e-01
1.224113629000000092e+00	-1.176189995000000099e+00	1.363677095999999977e+00	1.141044058000000083e+00	2.082851096000000179e+00	1.681825139000000080e+00	1.355967484000000001e+00	1.648155655999999913e-01	1.647364652000000040e+00	1.388167420999999901e+00	1.490154530000000088e+00	-1.621914667999999893e-01	2.900171857000000131e-01	1.688095287000000111e+00	1.253956243000000081e-01	3.575385245999999906e-02	5.946607568999999760e-01	-1.431707298999999878e-01	1.726012066000000011e-01	4.742272941999999825e-01	9.567313535999999452e-02
1.375877081999999918e+00	-1.165768452000000011e+00	1.399040137000000072e+00	1.581584730000000105e+00	2.335620070000000048e+00	1.701256545999999981e+00	1.534515660999999920e+00	3.188378233999999978e-01	1.719590009000000030e+00	2.016005027999999921e+00	1.486659911000000056e+00	2.893269752000000028e-01	3.657323585000000210e-01	-2.005379617999999975e-01	1.354897014999999927e+00	3.749933904000000151e-01	-4.760734877000000198e-01	3.111598121999999966e-01	3.482044387000000074e-01	-2.285632609000000093e-01	2.404487724999999909e-01
1.466736819000000080e+00	-1.134954336999999924e+00	1.216473291000000012e+00	1.397972239000000005e+00	1.766914303999999936e+00	1.923317461999999978e+00	1.558396576999999894e+00	1.393751228000000009e-01	9.848389173999999580e-01	1.941358573000000032e+00	1.351511152000000049e+00	-4.668441596999999832e-01	1.097348085000000029e-01	1.084747391999999921e+00	1.145604553999999942e+00	8.383303169000000388e-01	-2.488171550000000121e-01	6.108260516000000306e-01	1.528959681000000015e-02	1.349543502999999978e-01	-7.860213764000000269e-01
1.456564943000000056e+00	-1.033569055000000070e+00	1.529754363999999978e+00	1.510545693000000078e+00	2.084252494999999872e+00	1.758587871000000025e+00	1.159021037999999892e+00	3.750463229000000065e-01	1.810761480000000034e+00	2.029460856000000035e+00	1.501046740000000046e+00	-4.809575130000000032e-01	3.930398815000000212e-01	9.013029828999999937e-01	1.453236482000000107e+00	5.141476963000000122e-01	-1.405661371000000104e+00	-1.982307684000000070e-01	-2.367839636000000081e-01	4.239298759999999833e-01	-9.293721717999999798e-01
1.742897125000000047e+00	-1.074337896999999931e+00	1.252789037999999966e+00	1.457849087000000043e+00	2.154452408000000041e+00	1.642851263999999922e+00	1.114595524999999920e+00	7.887541864999999541e-01	1.536606442999999933e+00	1.279334873000000039e+00	1.917251782999999987e+00	-5.239809053999999744e-01	9.064949745000000503e-01	5.027162367999999937e-01	5.952879217000000001e-01	1.174874457999999899e+00	-7.440298435000000099e-01	7.301371545000000518e-01	-1.755583531999999891e-01	2.733044238999999820e-01	1.085479018000000018e+00
1.461323262000000067e+00	-1.014685676999999897e+00	9.288890279000000527e-01	1.212067503000000102e+00	1.846213435999999986e+00	1.299069347999999957e+00	1.641294094999999897e+00	8.480792698000000351e-01	7.927954217999999553e-01	8.191136331999999687e-01	1.890420701000000037e+00	-9.461888325999999738e-01	7.739538955000000442e-01	1.628950426000000062e+00	1.085747876999999972e+00	9.894207016999999604e-01	4.057076363000000074e-01	3.170034762999999756e-01	-7.342373854000000533e-01	8.578660509000000101e-01	-6.835930098000000399e-01
1.632190476999999973e+00	-8.689053866999999487e-01	1.214023051000000075e+00	1.075146960999999957e+00	2.177781418999999996e+00	2.045880797000000140e+00	1.397021590999999896e+00	1.528048159999999989e+00	1.744486690000000007e+00	8.535086631999999618e-01	1.733233492000000098e+00	-4.078862178000000061e-01	7.762610947000000428e-01	1.072029836000000014e+00	-2.273005969000000126e-01	4.588913023000000257e-01	2.143953929999999897e-01	7.421097825000000370e-01	4.590763833000000016e-01	6.519599093000000289e-01	-2.820135599999999965e-01
1.584321529999999978e+00	-9.380784799000000396e-01	1.024080700999999927e+00	7.417838799000000538e-01	1.395585708999999897e+00	1.647674599999999989e+00	6.392674431999999518e-01	1.334713325999999922e+00	8.749541449000000082e-01	5.558351733999999933e-02	1.634476229999999974e+00	-7.425833611000000334e-02	1.516537508000000090e+00	1.044276079000000003e-02	1.034461260999999938e-01	8.284003066999999776e-01	1.134929080000000035e+00	-8.789324640000000244e-01	1.268057076999999921e+00	9.236263006999999581e-01	1.154104703000000010e+00
1.228630370999999943e+00	-1.035931428999999904e+00	2.122375041000000018e-01	1.080390660000000030e-01	1.015279142000000023e+00	6.787717972000000266e-01	9.886773131999999631e-01	1.060022347999999948e+00	6.606121741999999575e-01	-2.172645656999999952e-01	1.403744504999999920e+00	-7.346591595000000474e-01	1.848256791999999926e+00	3.599888834000000148e-01	1.408008455000000048e+00	9.275764881000000406e-01	-1.188060982000000099e+00	-1.005652172999999955e-01	1.709629169000000060e+00	5.544121998000000051e-01	-8.160260670999999744e-02
5.636110605999999912e-01	-9.820875495999999982e-01	-6.193552595000000327e-01	-5.997515807000000088e-01	1.071788919000000062e+00	6.471584312999999478e-01	1.177446938999999970e+00	7.773329381000000371e-01	6.472990385000000346e-01	-3.047890442999999783e-01	1.922277869000000028e-01	-7.702428821000000259e-01	1.462220128000000008e+00	7.858606457000000267e-01	3.970109808999999768e-01	-6.837382189000000554e-02	5.913523964000000355e-01	1.894330787999999988e+00	1.082744179999999945e+00	4.157970429000000245e-01	-2.413849708999999955e-01
3.380126963999999790e-01	-9.117566837999999674e-01	-6.182875373999999757e-01	-5.121687295000000306e-01	6.775344353000000153e-01	8.830722194000000247e-01	3.821045773000000256e-01	6.401661750999999567e-01	8.948396891000000020e-01	8.035124707999999893e-01	-1.199828803000000006e-02	-1.869802707000000064e+00	1.418140320000000010e+00	3.480475787000000265e-01	-1.650698657000000125e-01	6.233704075999999539e-01	1.039707954000000045e+00	-2.617674101999999947e-01	1.387044401000000038e+00	3.092287267000000117e-01	1.033993986000000032e+00
1.629536087000000022e-01	-6.822824937999999451e-01	-7.699957764999999510e-01	-5.342322135999999499e-01	2.425705709000000043e-01	6.305498193999999890e-01	2.002293095000000078e-01	1.229961443999999932e-01	-2.189276253000000116e-01	1.355924038000000109e-01	-3.594215280999999984e-01	-1.825763604999999901e+00	2.048353426999999893e+00	2.421776127999999972e-02	-9.946748713999999936e-01	6.213120134999999822e-01	-2.004153813000000006e-01	1.424076944000000067e-01	1.801826979000000106e+00	-3.860375041999999923e-01	1.809954073999999968e+00
-1.643259621000000004e-01	-5.671652128999999931e-01	-8.897003450999999563e-01	-5.628704243000000051e-01	-4.757743471999999890e-02	5.113151585999999860e-01	3.931823715000000163e-01	-1.896417630999999993e-01	-4.792719141999999821e-01	-5.562773619999999974e-01	-3.365735864000000133e-01	-1.755633175000000046e+00	1.917530624000000072e+00	5.079371515999999698e-01	-6.459540494000000077e-01	4.648792420999999786e-01	-3.435799534999999794e-01	-1.317857900999999998e+00	2.530078343000000007e+00	-4.772252979000000256e-02	-5.216197514999999507e-01
-3.531731886000000209e-01	-6.691329970999999599e-01	-1.130945612000000100e+00	-7.950786978999999643e-01	-1.114663627000000018e-01	2.460488277000000001e-01	-9.553523796999999762e-01	-9.997573585000000748e-04	-7.952835503999999833e-01	-5.668946324000000425e-01	-5.444596676999999829e-01	-1.398328389000000005e+00	2.122509911999999943e+00	4.666306330000000169e-01	3.798144734000000189e-01	-5.101767471000000498e-01	-8.573267580000000221e-01	6.417994059999999612e-01	2.278767832999999854e+00	6.128291164000000402e-01	-1.734122455999999923e+00
-7.309354540000000400e-01	-7.151249749000000433e-01	-1.020441624999999908e+00	-1.043215855999999997e+00	-1.373818450000000024e-01	1.720732094000000101e-01	-1.568910451999999900e+00	-1.114604906000000034e-01	-8.057902389000000110e-01	-7.016379020999999883e-01	-6.380504018999999527e-01	-1.733798672000000041e+00	1.619540111999999921e+00	6.004145210999999732e-02	2.475078812999999961e-02	-9.461498613999999585e-02	4.725835887000000013e-01	3.786315572000000240e-01	9.388873688000000106e-01	7.310010031000000463e-01	1.581536423999999885e-01
-8.063412513000000059e-01	-7.573082049999999565e-01	-7.725679006000000237e-01	-7.358858077000000053e-01	-1.267357077000000054e-01	7.284020936000000501e-02	-7.289340930000000052e-01	-1.920271447999999936e-01	-1.334657299000000075e+00	8.340382151000000355e-02	-4.285053455999999761e-01	-1.980374827999999976e+00	1.720741843000000104e+00	1.696306079999999883e-01	-8.038036184000000306e-01	3.946487458999999864e-01	3.641258656999999954e-01	2.494576166999999955e-01	3.522332268999999738e-01	8.663770420999999944e-01	1.025834267000000022e+00
-2.805536888999999867e-01	-5.385771085999999652e-01	-5.508859337000000522e-01	-3.755925171000000229e-01	-6.372991336000000118e-01	5.476178640000000097e-01	-3.820363197000000155e-01	-2.962936970000000225e-01	-1.133071511999999892e+00	5.401885114000000154e-01	-6.305554423999999714e-02	-1.988113175000000066e+00	1.855399057999999934e+00	9.510988197999999949e-01	-1.187042214999999956e+00	1.574299825000000097e-01	-2.240458053999999921e-01	-5.599749433999999804e-01	2.390234168000000103e+00	1.244679971000000052e-01	-7.274614070999999571e-01
-6.353874631000000495e-01	-5.911416648999999746e-01	-7.906575610999999615e-01	-8.079548200999999708e-01	-9.228500053000000536e-01	4.953203910000000265e-01	-1.894752788999999993e+00	-1.238958290000000018e+00	-1.017900043999999893e+00	-1.387414878000000074e-01	-1.309401735000000011e+00	-1.630368005000000009e+00	1.855155491000000101e+00	7.185522105999999631e-01	3.921169017000000201e-01	-9.070877284999999679e-01	7.373672199999999899e-01	7.758828195000000427e-01	1.641966529999999924e+00	2.420439416000000066e-01	-1.433387627999999969e+00
-1.312630211999999963e+00	-4.785203780000000240e-01	-3.613925198999999866e-01	-8.419638845000000371e-01	-3.675524640000000232e-01	-1.160429000999999988e-01	-1.827538977999999981e+00	-1.474791651999999953e+00	-1.416872311000000106e+00	1.249721091000000062e-01	-1.292847072000000042e+00	-1.328160030999999908e+00	1.537360593999999914e+00	-2.844130131000000006e-01	-3.323637346000000159e-01	-4.312049680999999746e-01	5.898029139999999559e-01	-8.997911022000000258e-01	2.931910749000000149e-01	8.336436190999999551e-01	4.800838389000000039e-01
-8.272692785999999909e-01	-4.173396880999999947e-01	-2.155481790999999869e-01	-1.102166871999999964e-01	-1.294451124999999925e+00	-1.979812032999999916e-01	-9.490337559000000534e-01	-1.212310363000000057e+00	-1.249395618000000097e+00	-4.070668807999999750e-01	-4.419018680999999837e-01	-2.033080675999999976e+00	1.946677486000000012e+00	3.692316628999999795e-01	-3.359885902000000341e-02	-2.023197604999999941e-02	-5.874587637000000528e-01	-1.365846981000000016e+00	6.165892460999999880e-01	2.595861772999999983e-01	-5.074449541000000119e-01
-1.004853537000000019e+00	-5.589514119999999808e-01	-4.696178222999999874e-01	-7.625868786999999704e-01	-9.869866856000000244e-01	-9.294029420999999624e-02	-1.542384479000000086e+00	-1.501220452999999955e+00	-9.379994018999999739e-01	-1.172886698999999977e+00	-1.203369155000000079e+00	-4.183506821999999903e-01	1.615568818000000073e+00	5.488466267999999593e-01	-4.902741715000000222e-01	-1.718790838000000099e+00	1.141056483000000080e-02	4.241458748000000167e-02	1.029043908000000007e+00	5.611989993999999538e-01	-1.242783277000000020e+00
-1.259328329999999996e+00	-4.220370882000000212e-01	-5.590283242000000374e-01	-1.054358963000000093e+00	-8.498615723000000344e-01	-1.486521578999999982e-01	-1.131823492999999958e+00	-1.046939845000000036e+00	-5.823467286000000298e-01	-2.585564968999999949e-02	-9.690930409000000356e-01	-8.330187558999999631e-01	1.403849565000000021e+00	-1.002372233000000001e+00	-1.394625552000000046e-01	-9.357076596000000190e-01	-1.112054982000000081e+00	-9.284653464000000023e-01	8.982302491000000444e-01	-4.106074405000000038e-02	6.195735095000000081e-01
-1.094426579999999927e+00	-4.817331702000000049e-01	-8.278707382000000115e-01	-1.345709521999999936e+00	-7.706503591000000153e-01	-2.740298198000000116e-02	-1.096343204000000071e+00	-1.272557117000000071e+00	-1.521191658000000002e+00	-2.518273067999999837e-01	-2.768848145000000205e-01	-1.159359924999999958e+00	1.022125705999999967e+00	-4.903597679000000209e-01	-9.437977518000000010e-02	-4.429896890000000198e-01	-7.310110275000000213e-01	6.265679151999999918e-01	8.302304164000000319e-02	3.619335375000000132e-01	-1.448852357000000035e+00
-1.206360770999999943e+00	-3.005878225999999986e-01	-7.652059871999999929e-01	-1.189278969999999935e+00	-5.630095975000000141e-01	-6.395415314000000295e-01	-1.173499010000000009e+00	-8.676051969000000419e-01	-1.524756361999999976e+00	-1.241791803999999999e+00	3.634465070999999825e-01	-1.512841611999999891e+00	4.368437553999999778e-01	3.254504532999999977e-01	-1.863560499000000092e+00	-1.017465306999999930e+00	2.186421226999999898e-02	2.044935150000000076e-02	2.400899777000000124e-01	1.136813682000000103e+00	-3.410691903999999997e-01
-1.106347835000000002e+00	-2.728205821999999947e-01	-9.288301608000000265e-01	-4.158000058999999915e-01	-1.059039985000000073e+00	-5.752236215999999985e-02	-1.795080071000000110e+00	-1.375933719999999916e+00	-3.398109068999999871e-01	-1.291921365999999960e+00	-5.428472200999999719e-01	-1.388068732000000027e+00	1.475676484999999927e+00	-3.237945776000000220e-01	-5.337209632999999620e-01	-6.141926183000000483e-01	-1.548457299000000065e-01	-5.940124706999999615e-01	1.301071730000000093e+00	-8.337437478999999707e-02	-3.806317819000000213e-01
-1.381902136999999975e+00	-3.775115916999999821e-01	-7.869181451000000216e-01	-6.490866261000000081e-01	-1.164270072999999961e+00	-5.506664949999999781e-01	-1.251454328999999976e+00	-1.326654345999999984e+00	-1.547540664000000010e+00	-1.640486109000000026e+00	-8.357976565000000413e-01	-1.228845149999999942e+00	1.129105837000000001e+00	-8.279987046000000239e-01	6.148705730000000313e-01	1.161167632999999914e-02	-1.598489626000000108e+00	-5.137513361000000112e-01	7.470121022000000277e-01	8.953972055000000152e-01	7.786507003999999510e-01
-1.415996819000000073e+00	-4.063523832000000002e-01	-5.639596199999999948e-01	-6.054054168000000402e-01	-6.043677369000000077e-01	-5.469093111999999701e-01	-1.828688588999999864e-01	-6.383662973999999490e-01	-5.340753470000000336e-01	-1.053982591000000024e+00	-7.213281742999999580e-01	-8.143171375000000101e-01	4.183616103999999725e-01	8.614878632000000369e-01	-3.990583476000000157e-02	-9.894312762000000427e-01	6.790359005000000392e-02	8.541333513000000099e-01	-7.504985321999999570e-01	1.611813517999999945e+00	-1.992466384000000090e+00
-1.124359423000000024e+00	-3.292697859000000005e-01	-3.016015820999999875e-01	-1.762831680999999984e-01	-3.628807063000000221e-01	-1.846601053999999964e-01	-9.390926115000000074e-01	-5.763426208999999911e-01	-1.835640104000000050e-01	-3.634600262999999887e-02	-1.032880671000000028e+00	-6.847820167000000513e-01	1.264340671999999999e-01	-7.137911405000000320e-01	-5.361683838999999896e-01	7.387579251999999708e-02	9.852292266000000076e-01	-5.882897943999999546e-01	-3.724625317999999963e-01	1.355889909000000060e+00	5.471006358000000264e-02
-8.854331178000000024e-01	-2.791975756000000253e-01	2.435298312999999992e-01	2.348945654000000050e-01	-5.403420764999999903e-01	-4.859676279999999848e-01	2.805052022000000256e-01	-7.975895251000000505e-03	-8.592540290000000303e-01	-2.539108902000000167e-01	-5.967427290000000273e-01	-3.608172452999999780e-01	4.775443175999999901e-01	-2.538881733000000196e-01	-1.142927261999999944e+00	6.904534250999999623e-02	-5.753137000000000389e-01	-8.498410656999999535e-01	3.963297579000000237e-01	1.161760461999999938e+00	8.136801892999999397e-02
-6.709347396999999491e-01	-1.132194571000000038e-01	5.073580822999999851e-02	1.740104261000000041e-01	-3.645475310999999885e-01	-6.035402136999999667e-02	-6.144454305000000144e-02	5.564105605999999926e-02	8.141278846999999708e-02	2.549212430000000196e-01	-3.705633387999999750e-01	-1.225641058000000033e-01	4.563454626999999819e-01	8.955446849999999515e-01	7.335030514000000501e-01	-1.249979372999999949e+00	-7.070285551999999640e-01	-1.723978258000000041e+00	2.455877545000000051e-01	8.940638774000000399e-01	-1.109351919000000075e+00
-5.128053277999999882e-01	-2.002602947999999883e-01	4.807682289999999914e-01	2.262789460999999891e-01	3.628510182999999945e-02	5.672585826999999581e-01	-2.629101623999999804e-01	1.680561629000000001e-01	1.943609107000000003e-01	8.281417522999999781e-01	-7.166601773999999869e-01	3.345909927999999867e-01	1.751577656999999955e-01	2.421468542000000113e-01	8.051633368999999707e-01	6.475066924000000279e-01	-9.468718011000000212e-01	2.954008707999999928e-01	-1.000521125999999983e+00	7.130374366999999713e-01	-4.552443576999999908e-01
-3.501024013000000185e-02	-1.973278123999999967e-01	8.180411059000000096e-01	5.426691434999999508e-01	-3.986106410000000294e-02	5.786252712999999659e-01	1.119462764000000110e+00	4.206050363000000125e-01	-8.312284810999999440e-02	6.209782181999999873e-01	1.404177137000000020e-01	-3.197708271999999963e-01	-3.570185721999999950e-01	1.077850278000000106e+00	1.374771122000000012e-02	1.139333973000000055e+00	7.216780199000000229e-01	7.248402738000000456e-01	-1.276991057999999901e+00	4.397192531999999932e-01	1.286956071999999951e+00
1.707611085999999889e-01	-1.358568891999999972e-01	5.388638941000000182e-01	5.208392943999999858e-01	1.386684794999999970e-01	8.676194570999999911e-01	1.056826290000000057e+00	7.365597887000000510e-01	1.457211602999999966e+00	7.041932614000000479e-01	2.365659639000000092e-01	-2.030598044999999963e-01	3.980387103000000010e-02	1.302513961000000053e+00	-7.824729705999999840e-01	1.012263963000000100e+00	-1.012064016000000066e+00	-1.498968024000000065e+00	-6.162526544000000023e-02	9.210619156999999557e-01	7.623203556999999519e-02
5.902849577000000014e-01	-1.897432756999999914e-01	9.158268003999999740e-01	1.211347616000000071e+00	8.380121482000000288e-01	1.300660187999999939e+00	9.699664706999999719e-01	8.428390771999999531e-01	1.059467066000000068e+00	1.277235480000000090e+00	6.235924139999999838e-01	1.346822031999999947e+00	1.046080499999999941e-01	3.475292829000000139e-01	8.970081652000000405e-02	1.750288368999999955e+00	-1.964442939000000110e-01	4.727918904000000255e-01	-1.267099192999999957e+00	1.909159204000000054e+00	5.196594241999999975e-01
1.155455109999999896e+00	-1.031215077000000035e-01	1.033054614999999954e+00	1.603983428000000044e+00	9.948949892000000239e-02	1.419427160999999993e+00	8.433037276999999499e-01	4.736864577000000076e-01	5.837377757999999695e-01	4.587634473000000157e-01	1.242738370000000092e+00	1.461549240000000083e+00	4.885743318999999918e-01	7.584025492999999507e-01	1.282998093000000006e+00	1.191098304999999913e+00	-5.911710840999999661e-01	1.769395606000000010e+00	3.331402158999999807e-01	1.145876332000000053e+00	1.876855030000000035e-01
6.978008181999999504e-01	-6.946809003999999954e-02	5.862512684999999779e-01	8.999880085999999446e-01	1.221010862999999946e-01	6.530307467000000532e-01	4.336125041000000180e-01	3.777465069000000009e-01	8.635390179999999916e-01	-1.935520404999999944e-01	5.774504893999999888e-01	3.876667496999999796e-01	3.258337028000000135e-01	1.812272619000000029e+00	1.216772699999999929e+00	6.063866573999999732e-01	-8.257814749999999870e-01	1.854409405999999927e-01	6.000484415000000293e-01	2.046174865999999870e+00	-1.091261688999999979e+00
5.456333625000000520e-01	3.987619740000000051e-02	9.997724520999999864e-01	9.777830443999999677e-01	6.509735755000000124e-01	6.060953220999999447e-01	4.024354841000000182e-01	9.613090603999999706e-01	1.187507542999999943e+00	-7.723842034000000245e-02	9.615757016000000545e-01	1.906894453000000100e-01	-3.714342192999999792e-01	5.221075142000000113e-01	1.610434971000000104e+00	8.402755914999999742e-01	-1.220486739000000043e+00	-4.098425863999999863e-01	-7.396988321000000192e-03	1.388526243999999910e+00	1.152558125000000100e+00
6.109186220000000223e-01	-8.475490588999999575e-02	1.035257902999999979e+00	1.064055055999999944e+00	5.998454495999999692e-01	3.343315258999999817e-01	9.054310156000000553e-01	9.753277435999999634e-01	5.816007698999999809e-01	5.079157544000000302e-01	1.346192038000000091e+00	5.458935719999999936e-01	-1.111941936000000047e-01	1.733589680000000022e-01	1.474998473000000088e+00	1.224633348000000010e+00	-1.212085051999999941e+00	2.811743447000000229e-01	-2.115449796999999965e-01	1.562278167000000106e+00	1.404784558000000017e+00
9.334543364999999815e-01	8.039832669999999459e-02	1.075074663000000097e+00	1.081402364999999977e+00	6.560005919000000407e-01	4.280602964999999926e-01	1.040465130000000071e+00	1.166700634999999986e+00	4.535205473000000209e-01	1.498653406999999937e+00	1.664587052999999983e+00	2.500652720000000051e-01	-5.340644276999999551e-01	1.353000219999999976e+00	1.535815308000000101e+00	6.544948358000000077e-01	-8.694578084999999845e-01	-2.557175178000000160e-01	9.864786587000000384e-02	1.858443856000000061e+00	-1.105198813999999974e+00
1.065098144000000024e+00	9.425292470000000422e-02	9.478167051000000454e-01	8.820327624999999561e-01	1.019286726000000032e+00	7.324571603999999736e-01	5.599518570999999501e-01	1.491916637999999962e+00	1.167852179999999906e+00	1.926335259000000022e+00	1.276506241000000097e+00	7.095411436000000072e-02	-7.940791954000000485e-01	1.363949838999999997e+00	1.418746765000000076e+00	4.396442611999999972e-01	-6.067255198000000016e-01	1.877935448999999979e-01	2.264620791999999994e-01	2.189483561999999939e+00	-8.956320915000000049e-01
1.214529068000000045e+00	1.097978790000000010e-01	1.137286213999999962e+00	1.186502916000000019e+00	1.010949214000000040e+00	1.082482756000000101e+00	4.214799673999999885e-01	1.633318166000000016e+00	1.329787819999999954e+00	1.663803927000000016e+00	1.861979075000000039e+00	-3.662684461000000058e-02	-7.223738530000000102e-01	9.478376666000000172e-01	1.627976576000000009e+00	1.741178565000000011e+00	-1.020815854999999939e+00	5.016837459000000193e-02	-4.754904062999999736e-02	1.532826097000000054e+00	9.167867180000000005e-01
1.354114253000000101e+00	1.565581620000000007e-01	1.439343749000000061e+00	1.227745810000000048e+00	1.032339773999999988e+00	1.428372975999999905e+00	6.706481792999999803e-01	1.012289025000000064e+00	9.732993721999999570e-01	8.629020848999999771e-01	1.550514659999999934e+00	7.416380599999999879e-01	-3.681292829999999738e-01	1.520819961000000053e-01	1.573410404999999956e+00	1.781106043000000083e+00	-3.066641441999999884e-01	2.048515590000000053e+00	4.106701119999999761e-01	3.834255997000000082e-01	2.306514925000000105e+00
1.259414492999999968e+00	1.658544603000000062e-01	1.342055076999999930e+00	1.475892098999999957e+00	5.874565881000000100e-01	4.937287586999999922e-01	1.217713006999999958e+00	4.813090241999999908e-01	5.324267542999999714e-01	4.371004263000000112e-01	1.335551444000000032e+00	3.339698299000000148e-01	-1.236014577999999947e-01	1.381311860000000058e+00	1.833535490999999906e+00	9.741378466000000236e-01	5.966642551999999933e-01	1.575305769999999939e+00	3.225897741000000041e-02	9.247942086999999534e-01	1.124322303999999995e-01
1.281934893000000075e+00	3.487501242000000112e-01	1.559483372999999951e+00	1.514104477999999920e+00	1.077156148999999896e+00	5.527336098999999781e-01	8.534548794999999854e-01	5.948778379000000394e-01	1.865064438999999963e+00	6.305559661999999843e-01	6.361673060000000435e-01	3.520161941000000128e-01	-4.807459404000000158e-01	1.683651580999999897e+00	1.696188051999999891e+00	5.388883924999999797e-01	9.744925074000000409e-01	2.124098233999999863e+00	2.321644599999999892e-01	1.081305745999999957e+00	8.859606551000000219e-02
1.271537367000000085e+00	2.108027446999999888e-01	1.330205910000000102e+00	1.436051112999999990e+00	1.077388478000000038e+00	4.178864639000000047e-01	1.403279066999999936e+00	7.249639035999999592e-01	1.524680199000000069e+00	6.742098699999999889e-01	2.886834629999999735e-01	7.678496848000000430e-01	-3.258970667000000154e-01	2.169787270999999906e-01	1.611779011999999955e+00	1.506828198000000008e+00	5.981145675000000272e-01	1.001076494000000094e+00	9.995817492999999887e-01	1.382661485000000079e+00	2.871404405999999909e+00
1.181409115999999981e+00	2.362154659000000045e-01	1.234305624999999962e+00	1.089000372999999966e+00	6.693367717999999522e-01	3.519447008000000099e-01	1.346621819000000109e+00	5.648029281999999984e-01	1.027297276999999953e+00	4.983697836000000048e-01	9.930492364000000072e-02	-1.051718498000000057e+00	-4.296090536000000126e-01	1.690926283999999891e+00	5.406447976999999572e-01	1.089423843000000058e+00	8.909936976000000231e-01	1.757717519999999922e+00	1.667305671000000045e+00	1.129589018999999972e+00	1.207683958999999918e+00
9.825687577999999700e-01	2.560662110999999963e-01	1.242564071000000103e+00	1.636001190999999966e-01	5.690606416000000278e-01	7.598010133999999471e-01	1.163894014000000032e+00	2.791985309000000193e-01	1.874855216000000047e+00	2.168536407000000096e-02	4.720384461000000087e-01	7.691899899999999901e-01	2.066945974999999935e-01	4.284877213000000129e-01	-1.607968026999999911e-01	1.366819636000000004e+00	6.367111500000000035e-01	-8.170063990999999470e-01	1.459864336000000096e+00	5.432819750999999808e-01	1.321977160999999956e+00
9.548450848999999740e-01	3.247924012000000249e-02	-6.706672142000000281e-02	-4.406236706000000170e-01	2.785577049999999888e-01	-1.200518797000000026e-01	1.018026733999999989e+00	5.829182153999999949e-01	8.512570756999999766e-01	1.184095683000000010e+00	9.983350485999999968e-01	1.168347959999999963e+00	1.482141270999999927e+00	-2.991709570000000151e-01	5.919691536000000198e-01	1.088032426000000052e+00	3.875674269000000116e-01	1.036841182999999944e+00	1.951637016999999918e+00	2.370610800000000074e-01	9.074835222999999562e-01
3.642221811999999947e-01	6.876992469999999857e-02	-8.891528129000000336e-01	-1.093054801999999937e+00	-3.210662509000000164e-01	-3.230099154999999805e-02	-1.595216295999999923e-01	-3.768197414000000189e-01	-7.882272452999999901e-01	1.095226803999999943e+00	-2.242500655999999926e-01	-4.144315887999999726e-01	2.050527676999999993e-01	3.518962463999999925e-03	5.922753562000000471e-01	-6.973734313999999657e-01	1.036261733999999990e+00	5.006938066999999659e-01	2.247210227000000060e+00	1.336789958000000000e+00	-3.411618438999999836e-02
-3.842476119000000079e-01	4.413712746999999825e-01	-7.442945176999999912e-01	-9.931384428999999736e-01	-3.119288434999999970e-01	-3.172429290000000068e-01	-1.020518693999999948e+00	-8.186420980999999930e-01	-4.198301761000000076e-01	-3.112638135999999944e-01	-6.305152836999999844e-01	-7.258717059000000527e-01	1.619824890999999878e-01	2.090928411999999903e-01	1.803495515999999910e-01	-8.373372248999999545e-01	-9.309962188999999499e-01	7.496562999000000449e-01	3.440928852999999843e-01	1.199538030000000033e+00	1.044984708999999956e+00
-5.921203162000000519e-01	5.048736784999999783e-01	-1.120690860999999927e+00	-8.456881608999999855e-01	-4.915832969999999746e-01	-4.069632866999999821e-01	-1.315477564000000044e+00	-9.339669537000000465e-01	-6.043857021999999857e-01	-9.421077414999999844e-01	-6.672850380000000525e-01	-1.488306389999999868e-01	5.880734286000000033e-01	-3.784023383999999823e-01	7.409277239999999543e-01	1.031910553999999952e-01	5.590537562999999821e-01	-4.471683307000000052e-01	9.919169468999999850e-02	6.822829924000000101e-01	6.613892348000000032e-01
-8.229235241000000256e-01	3.936289432000000255e-01	-1.192091822000000079e+00	-1.044532138999999971e+00	-8.027798348000000361e-01	-5.970649727000000295e-01	-3.220341682999999788e-01	-1.182224743999999994e+00	-7.637210959000000354e-01	-1.323943349999999963e+00	-1.048381856000000001e+00	-2.443718055999999916e-01	3.752268297999999946e-01	-6.488324732000000372e-01	6.608774176999999694e-01	-1.485885932000000076e-01	-1.340030535999999994e+00	3.408828662999999759e-01	7.703050404000000295e-01	7.187185569999999801e-01	1.910424496000000083e+00
-8.578975292999999613e-01	5.178500191999999558e-01	-1.173946799000000096e+00	-8.617124278000000137e-01	-1.262287530999999907e+00	-7.136177153999999634e-01	-2.752434905000000209e-01	-1.216908871000000003e+00	-7.757592183999999502e-01	-1.597020561999999977e+00	-1.120188973000000088e+00	-9.224775346000000376e-01	6.439372403000000189e-02	1.476352378000000132e-01	-1.071571974999999899e+00	-5.926572535999999891e-01	-1.910899916999999892e-01	2.440328656999999901e-01	1.709908774000000076e+00	1.466481638999999948e+00	-7.172545498000000401e-03
-1.156483297000000077e+00	6.662941223999999663e-01	-1.109006469999999966e+00	-1.135340899000000014e+00	-8.145738523000000120e-01	-6.982579508999999796e-01	-1.644532512999999918e+00	-1.120661300999999943e+00	-5.143616424000000409e-01	-1.556581951999999935e+00	-1.265113525000000072e+00	-2.444045256000000055e-01	2.685204315999999980e-01	-1.388443662000000134e-01	2.090970896999999884e-01	-6.269512832000000424e-01	-8.724179681999999492e-01	6.152337199999999839e-01	3.826734853000000047e-01	6.589841439000000411e-01	-1.666631627000000060e-01
-1.154532847999999889e+00	5.761889753000000169e-01	-1.200198751999999924e+00	-1.219906865000000007e+00	-7.748454305999999958e-01	-7.879817448999999474e-01	-6.965016921000000139e-01	-6.649257430999999663e-01	-8.093539057999999953e-01	-1.634186662999999928e+00	-8.605627708999999959e-01	-3.419839427999999959e-01	-2.430130736999999985e-01	-4.716814614000000017e-01	-7.609293442000000240e-01	6.548928625000000059e-01	7.045354698000000360e-01	6.822853035999999760e-02	-3.719061539999999888e-01	5.356040877000000089e-01	1.333446040000000110e+00
-1.174477602999999926e+00	6.347126566999999886e-01	-9.100335371000000118e-01	-1.103648219000000097e+00	-1.162562595000000032e+00	-8.014596685000000553e-01	-9.644670589999999599e-01	-1.178859337000000007e+00	-1.629971014999999968e+00	-6.323393452000000137e-01	-7.825353518000000008e-01	6.009740228000000350e-03	3.460258499000000154e-01	-8.680319997000000010e-01	2.031306838999999975e-01	-5.414927448999999893e-01	-1.002346364999999961e+00	-7.118523619000000080e-01	1.457178067999999937e+00	-2.137859738000000009e-01	5.179943746999999821e-01
-1.125025028999999899e+00	4.748173565000000096e-01	-6.744364823999999814e-01	-1.330203403000000062e+00	-1.235472179000000059e+00	-9.552686036999999963e-01	-1.580814061000000104e+00	-1.183535615000000041e+00	-1.959848280999999970e+00	-1.371035663000000071e-01	-1.089903411000000100e+00	-5.962535534999999914e-02	-3.948300000000000143e-01	2.720402459999999856e-01	-1.615416594000000094e-01	-5.109544964000000133e-01	5.330760487000000269e-01	1.805048299999999939e+00	-2.799186492999999887e-02	7.001057086999999957e-01	-1.232050966999999941e+00
-1.144374025000000072e+00	6.805777208000000078e-01	-1.011567584000000020e+00	-4.099121223000000147e-01	-1.592270250000000109e+00	-1.049473086999999971e+00	-1.501706988000000020e+00	-1.434994982999999946e+00	-7.546902127000000293e-01	-8.547443400999999996e-01	-1.027140104999999970e+00	-1.109676496999999928e+00	5.881515125999999677e-02	-9.197251754000000667e-02	-1.759123133999999977e+00	-1.391468648000000030e+00	2.908232679000000154e-01	3.232500704999999863e-01	1.382286863000000032e+00	7.541361145999999627e-01	4.380598702999999872e-01
-1.237731389999999987e+00	7.184761510999999601e-01	-1.292380132999999987e+00	-1.158083972000000017e+00	-7.683312344999999599e-01	-1.122504457000000011e+00	-1.746508149999999926e+00	-1.375536641999999921e+00	-9.654620150999999595e-01	-1.517707241999999956e+00	-6.973853730000000306e-01	-6.918650928000000255e-02	1.214498207999999968e-01	1.232612487000000062e-01	-6.205041180999999462e-01	-4.348579238999999985e-01	-1.002540283000000025e-02	-1.287543716999999921e+00	1.225255997999999957e+00	-5.509571038000000281e-02	1.026378688000000095e+00
-1.397727415999999945e+00	7.811071799000000038e-01	-1.489507731000000001e+00	-1.162854178999999988e+00	-1.099817886000000078e+00	-7.773947163000000105e-01	-1.040025661000000046e+00	-1.088716747000000096e+00	-5.207661249999999686e-01	-1.423645948999999966e+00	6.037424909999999922e-02	-6.146445952000000323e-01	-5.840137089000000392e-01	-1.233140074999999891e+00	-3.270383369000000040e-01	4.347200460999999794e-01	-4.342904372999999985e-01	-3.692308087000000238e-01	1.115834259999999967e+00	-1.174420146000000109e+00	3.039436118000000131e-01
-1.519998418999999990e+00	6.445538699999999732e-01	-1.514758288999999980e+00	-1.304486001999999978e+00	-9.583480731000000308e-01	-1.263595902999999909e+00	-6.351099672000000140e-01	-1.183651950000000008e+00	-9.065788486000000423e-01	-1.562989326999999928e+00	-1.324504234999999974e-01	3.772160297000000106e-01	-1.618399192999999958e-01	-1.116907870999999997e+00	2.996787128000000244e-01	-5.735831902000000371e-01	-1.110389894999999960e+00	1.151605084999999917e+00	-1.844280694000000054e-01	-4.673262079000000124e-01	9.137004457999999829e-01
-1.507365029000000023e+00	5.554812649000000491e-01	-1.416731020000000063e+00	-1.679790161999999976e+00	-9.366649581999999530e-01	-8.923942240000000137e-01	-1.754338828999999975e-02	-1.005104114999999965e+00	-1.260469046000000093e+00	-1.070759879999999997e+00	-2.054939231000000033e-01	3.118552122000000093e-01	-1.262792447000000040e+00	-8.842534733000000369e-01	-6.248675377000000308e-01	2.579170010999999874e-01	4.286557449999999769e-01	9.460244353000000217e-01	-5.409614568999999706e-01	-9.848380244000000394e-02	-1.207422070000000014e+00
-1.225241213999999967e+00	7.806931585999999923e-01	-1.363455099000000059e+00	-1.400162316000000073e+00	-1.044994399999999990e+00	-1.094148850999999922e+00	-3.608689900000000006e-01	-6.538699651999999585e-01	-4.969128286999999755e-01	-7.856378867000000099e-01	1.383963964000000102e-01	5.424271074999999914e-02	-1.058703304000000012e+00	-5.089240810999999809e-01	-1.794381180000000020e+00	-1.312374750000000034e+00	7.265108104999999927e-01	5.738452557000000009e-01	3.428903724999999847e-01	4.900186966999999783e-01	-6.439664767000000296e-03
-1.164799469999999948e+00	7.483074996999999895e-01	-1.381721293000000017e+00	-1.550925332000000045e+00	-7.986281831999999525e-01	-5.708679305999999620e-01	-5.146303757000000312e-01	-9.400021482999999789e-02	-1.634064553000000031e-01	-1.428949900000000106e+00	1.203881544000000026e-01	5.809730193000000043e-01	-9.690867533999999450e-01	-1.669654997999999946e+00	-1.898367793000000026e+00	1.579128831000000011e+00	-2.898917019000000206e-01	-1.332439515999999990e+00	8.364531421999999994e-01	7.271257793999999497e-02	-5.176995964999999700e-01
-1.151506697000000079e+00	5.814078085999999645e-01	-1.604677546000000010e+00	-7.900261683000000534e-01	-1.194015502999999923e+00	-1.145481798999999912e+00	-1.035145734999999984e-01	-5.846984522000000517e-01	-8.478328336999999548e-01	-6.910999664000000431e-01	-2.356585602000000057e-01	1.182630451000000082e+00	-4.570187352000000258e-01	-1.819539830000000080e+00	-1.233315222999999961e+00	-9.433458187000000050e-01	1.111253738999999907e+00	4.618445717999999922e-01	1.709601578000000122e-01	8.478127240999999703e-02	9.123278423000000248e-02
-1.256714714999999982e+00	8.503889451999999682e-01	-1.362289427999999969e+00	-1.092599464999999936e+00	-1.189846108000000013e+00	-1.189672746000000059e+00	-3.233935063000000221e-01	-8.359885345999999995e-01	-1.173721771999999941e+00	9.173653710000000128e-03	-2.544310797000000068e-01	6.520505090999999531e-01	-8.967652972999999861e-01	-1.541683813999999986e+00	-1.581076063999999892e+00	-2.661626163999999850e+00	6.705218675999999878e-01	-5.714423908000000329e-01	4.963047949000000125e-01	-2.287748333999999883e-01	-6.734659014999999638e-01
-1.145660684000000096e+00	9.578793827999999566e-01	-1.074906217999999969e+00	-6.864579335999999588e-01	-5.461962834000000377e-01	-1.301739661999999909e+00	-5.335655244000000463e-01	-6.806396938000000008e-01	-8.618526502000000214e-03	5.540597793999999521e-01	-3.123008618999999902e-02	3.646215870999999775e-01	-9.613918952000000129e-01	-1.000690234999999984e+00	-1.550095390000000073e+00	-1.721266699000000067e+00	5.355161043999999704e-01	-1.662761713999999946e+00	-9.977449283999999530e-01	-4.502869157000000122e-01	-4.221692509999999676e-02
-9.242511091999999762e-01	9.476186470999999889e-01	-9.656172878000000015e-01	9.955021099999999956e-02	-5.449197782000000378e-01	-9.053623453000000376e-01	-8.168760255000000470e-01	-4.854490128999999765e-01	-2.130817399999999917e-01	2.250412629000000109e-01	1.006791835999999996e-01	5.885006155999999988e-01	-7.857238013999999771e-01	-9.631939635999999805e-01	-1.032903047000000019e-01	5.190496482999999717e-02	9.813880216999999739e-02	-6.753056504000000126e-01	-4.318738858000000236e-01	-2.117729155999999779e+00	1.700424798000000071e-01
-8.977624523999999662e-01	8.765296687000000420e-01	-8.345348301999999663e-01	2.960236327999999847e-02	-2.800295990000000179e-01	-1.074822181999999904e+00	-2.383328842000000114e-01	-1.082174486999999963e-01	-1.031451502999999992e+00	-2.282236400000000123e-02	-2.447792152000000110e-01	1.149060898999999969e+00	-5.215062140999999762e-01	-8.533501388999999993e-01	7.158042051999999877e-01	-5.138446096000000018e-01	-1.000137800999999937e+00	1.108176284000000011e+00	-8.136938702999999551e-01	-1.455818032000000040e+00	1.207330003999999901e+00
-4.925765799999999861e-01	8.850846576999999993e-01	-6.192192726999999897e-01	-1.164614451000000050e-01	1.309687347999999862e-01	-6.401823288000000334e-01	5.118624018999999858e-01	3.748602423999999878e-01	-1.311763186999999942e+00	5.038145239999999858e-02	-4.148642556000000092e-01	1.222580988999999896e+00	-2.018007644999999961e+00	6.733611462999999908e-01	-5.884087150000000266e-01	2.130251159000000061e-01	8.601339454999999967e-01	6.012686022000000019e-01	-1.187058361999999923e+00	-1.187350869999999947e+00	-4.897700568999999726e-01
-1.436690664999999978e-01	1.004005787999999955e+00	-1.128736775000000053e-01	3.524253895000000192e-01	7.080346750999999550e-02	-7.447062674000000104e-01	6.744177716999999461e-01	9.281791042000000491e-01	5.840505956000000554e-01	1.015626471000000003e-01	-4.920888028000000025e-01	9.840533018999999548e-01	-1.633348003000000048e+00	1.178731849000000054e+00	-7.416457548999999538e-01	-2.704595697000000132e-01	8.449967306000000233e-01	-1.138799330000000110e+00	8.376402172999999896e-02	-1.680451082999999901e+00	-1.099034618000000081e-02
-6.225392602999999664e-02	9.008000463999999985e-01	-8.137034626000000381e-02	3.317210609999999837e-01	1.611994442999999944e-01	-6.426253118000000430e-01	1.342946449000000098e-01	1.068984753000000065e+00	4.646482574999999948e-01	-8.163697018000000416e-02	-9.276028922000000287e-01	2.016746427999999813e+00	-1.199013738999999967e+00	-4.572025395000000048e-01	1.036461990999999916e+00	-2.150128393000000082e-01	5.242978144000000063e-01	-3.134610217000000087e-01	3.927320495000000133e-01	-2.181059052000000165e+00	5.551064918000000459e-01
-4.312370848000000173e-02	8.172991319000000310e-01	-1.030807973999999932e-01	2.320492812999999932e-01	1.286587106999999980e-02	-4.992163405000000220e-01	4.700558656000000113e-01	1.381960078999999952e+00	-6.810934031000000222e-02	-5.702488777999999980e-01	-7.157667830999999703e-01	1.561937142999999972e+00	-1.872826067999999955e+00	-1.388606052999999951e-01	6.471576792000000022e-01	1.128585900999999891e+00	6.998452554999999853e-01	1.716315569000000041e+00	-1.252304000000000084e+00	-1.263441929999999935e+00	7.353333089000000378e-01
6.748976120999999884e-02	8.357006829999999997e-01	5.746342536999999862e-01	4.572199762999999972e-01	2.816515949999999768e-01	-6.701706761000000290e-01	1.200595639000000103e+00	1.821798456000000010e+00	-2.482257553999999977e-01	-1.206294995000000009e-01	-1.748376476999999873e-01	1.764537071999999984e+00	-1.933639501999999899e+00	-7.397911729999999408e-02	8.715808967999999490e-02	-1.270696581999999908e-01	1.648670153000000083e+00	3.549394095999999776e-01	-1.681471106999999909e+00	-8.864782914000000069e-01	4.143990757000000080e-01
7.134360843999999480e-01	8.035804391999999963e-01	8.543003235999999667e-01	6.356769882999999677e-01	3.925350496000000189e-01	-4.395801025000000140e-01	1.038332110999999891e+00	2.224264257999999828e+00	6.324231819000000199e-01	5.937889141000000093e-01	-1.851082424999999920e-01	2.265663646000000142e+00	-1.728912095999999954e+00	1.615232802999999884e-01	-4.507688823000000067e-01	-1.347598128000000006e+00	1.910501862999999911e+00	6.799737780000000287e-01	9.516480361000000110e-02	-6.228158941000000448e-01	-9.553163450000000390e-02
5.866678737999999615e-01	8.166776527000000341e-01	4.690564850000000230e-01	4.955520051000000259e-01	1.020897100000000002e-01	-3.498905084000000221e-01	1.817190120999999936e-01	1.737896024999999955e+00	7.336964485000000424e-01	3.886578023999999743e-01	-5.701548871999999601e-01	2.361697039000000053e+00	-1.382822422000000051e+00	-1.250368960999999945e+00	3.761555259000000095e-01	-4.790864424999999871e-01	1.289068829000000083e+00	-7.188173485000000362e-02	5.279992824000000473e-01	-1.244686643000000092e+00	1.439503154999999923e+00
5.019271050000000400e-01	7.953773923000000412e-01	6.284039978000000026e-01	7.468277770000000260e-01	3.408184693999999904e-01	-8.613393199000000111e-01	6.973624071999999785e-01	1.712298367999999904e+00	-2.569678784999999965e-02	7.185842291999999798e-01	-1.221238273999999957e-01	1.526511592999999944e+00	-1.405481624999999957e+00	-8.082855160999999899e-01	1.701025972000000053e+00	1.727107028000000044e-01	-2.183970969000000040e-01	1.301460247999999931e+00	-4.999322868000000142e-01	-1.082164737999999904e+00	8.428649697000000218e-01
8.039576201999999450e-01	9.055244813999999698e-01	8.631651299999999472e-01	6.598931087999999612e-01	6.568613774999999544e-01	-6.244832963999999986e-01	1.222486575000000020e+00	1.960471630000000021e+00	2.363015250999999928e-01	8.351330041000000204e-01	2.388007533000000016e-01	1.030078567999999972e+00	-2.079153183999999932e+00	2.079784860999999985e-01	3.493483439999999773e-01	-1.297126440999999963e-01	2.131343267000000097e+00	1.473861034000000014e+00	-1.083607742999999957e+00	-4.245234675999999818e-01	-4.656329933999999726e-01
1.020465747999999895e+00	9.277106632999999603e-01	8.379506568000000266e-01	8.684497267999999881e-01	7.481318990999999974e-01	-4.384021651000000186e-01	8.542740033000000288e-01	2.103204851000000097e+00	1.530593048000000067e+00	9.622888762000000318e-01	2.852179374000000101e-01	1.236031418999999909e+00	-1.646329374000000012e+00	-2.070551721999999983e-01	-2.042416599999999915e-01	4.752841897999999787e-01	1.987599910999999997e+00	4.125697916000000132e-01	-4.920650153000000193e-01	-6.470628000999999463e-01	8.370343611000000128e-02
1.109613135000000028e+00	1.155499972000000097e+00	1.085801004999999986e+00	1.098135949000000000e+00	8.635401570999999832e-01	-5.844301489000000016e-01	5.888164188000000188e-01	1.868455085999999987e+00	4.231614048999999822e-01	5.963394381000000077e-01	1.594461043999999966e-02	1.946137510000000015e+00	-1.037266940999999942e+00	-9.750388727000000033e-01	-1.216887019000000014e-01	8.698073493000000322e-01	1.681470275999999986e+00	-5.425957131999999961e-01	5.287174134000000025e-01	-1.109716122000000027e+00	4.093268762999999755e-01
1.123470248999999921e+00	1.117037932999999983e+00	7.287770603000000014e-01	1.071465349999999983e+00	6.335116066000000545e-01	-8.452991475000000143e-01	1.208443892000000019e+00	1.877079265000000108e+00	3.726976134000000163e-01	4.926394767999999758e-01	4.325258162999999767e-01	1.196786171999999926e+00	-9.973624482999999818e-01	1.519500518999999938e-01	1.272088909000000045e+00	8.688744570999999972e-01	8.685486875000000273e-01	-9.946987676999999861e-01	9.955100494000000688e-02	-1.145884091999999965e+00	-7.682942495000000260e-02
1.146868580000000026e+00	1.245929752999999973e+00	6.607610949000000122e-01	8.457781988000000473e-01	9.149143069999999822e-01	-2.367275691999999876e-01	1.330867811000000067e+00	1.764139104999999930e+00	1.232671043999999938e+00	1.082637901000000014e+00	3.934040520000000041e-01	1.752810143999999903e+00	-9.483489615000000317e-01	4.557276511999999724e-01	5.167093609999999781e-01	-1.385430887999999916e-01	2.640008119000000208e-01	-5.277236632999999788e-01	-3.784328482000000049e-01	-1.066083683000000004e+00	-5.686083310999999751e-01
1.432944318999999966e+00	1.146076056999999926e+00	1.398023948000000072e+00	1.095229999000000065e+00	1.003613912999999913e+00	-2.359751760999999892e-01	9.055981641000000470e-01	1.113166572999999993e+00	1.150825996000000018e+00	1.631143817999999968e+00	2.614677122999999881e-01	1.679143043999999918e+00	-9.278247003999999798e-01	5.441715825000000006e-02	8.206415998999999628e-01	1.341608359000000084e+00	1.369887979999999894e+00	-2.242452813999999961e-01	-2.269795994000000094e-01	-1.437217310999999942e+00	4.697527269999999811e-01
1.338609203999999941e+00	1.024851465000000017e+00	1.096419049999999951e+00	9.386346463000000417e-01	3.000931286999999892e-01	-4.827925777000000029e-01	1.133961280999999932e+00	4.107518593999999745e-01	8.273808481000000103e-01	1.520682386000000053e+00	6.126574782000000496e-01	1.068810105000000066e+00	-1.185925788999999897e+00	1.675768274999999974e-01	1.728161944000000005e+00	1.161867124999999890e+00	2.929606458999999830e-01	-6.737552913000000032e-01	-4.454968608000000052e-01	-1.039380194999999896e+00	9.028198491000000159e-01
1.312361424999999970e+00	1.137365245000000025e+00	1.219098274000000037e+00	8.259762550000000481e-01	2.525730607000000183e-01	-1.922092159999999883e-01	1.500730676999999957e+00	7.251831441999999628e-01	8.829429826000000370e-01	1.630866002000000092e+00	8.975443028999999795e-01	8.284434774000000168e-01	-1.511102506999999928e+00	2.944511732999999798e-01	1.629523993000000059e+00	7.021684374000000117e-01	-1.022642732000000054e-01	6.186408065999999817e-01	-1.123723655999999904e+00	-7.496997879000000253e-01	-1.611194506999999998e+00
1.441792678999999966e+00	1.178100570000000014e+00	1.041309612000000051e+00	4.227299196000000037e-01	6.775631326000000065e-01	8.235490287999999715e-02	7.591043915999999836e-01	1.203648601999999901e+00	1.606518047000000005e+00	9.368771191000000442e-01	1.224066850999999900e+00	1.165820880999999920e+00	-1.558376042999999989e+00	8.223960687000000380e-01	1.086343119999999968e-01	9.457507358000000197e-01	1.605139689000000036e+00	1.026105510999999915e+00	-1.257558995999999985e+00	-9.418050005000000446e-01	-6.256811909000000414e-03
1.291175495999999923e+00	1.015549714000000048e+00	5.948662793000000226e-01	-4.207712453999999658e-02	-2.875975955000000250e-01	-4.350590764999999749e-01	4.039026463000000011e-01	6.056456470000000092e-01	8.622172085999999513e-01	-7.928295351000000379e-02	9.171518470999999728e-01	1.089749689000000021e+00	-4.627012059999999760e-01	-6.561371111999999561e-01	6.685268223000000454e-01	1.032669819999999961e+00	2.770976318000000216e+00	3.389079125000000192e-01	-9.634306406999999517e-01	-1.056500159000000050e+00	1.466636912000000015e+00
7.458139776000000110e-01	9.488096259999999615e-01	-4.801068926000000292e-02	-3.912990352999999866e-01	-8.549529114999999679e-01	-8.478606579999999893e-01	5.447997264999999700e-01	2.668151149999999916e-01	-1.915014339999999982e-01	5.396526293000000196e-01	2.625525637000000051e-02	6.314131026000000535e-01	-2.858784113000000238e-01	-4.654663366999999830e-01	1.875821124000000006e+00	-1.377097055000000014e-01	-6.002310065000000111e-02	-2.498276684999999886e-01	1.710515142000000044e-01	-1.146174546999999988e+00	4.139001764999999944e-01
5.612771139000000131e-01	9.671285894000000161e-01	-3.489843791000000195e-01	-8.012542578000000359e-01	-7.843669747000000525e-01	-6.146391056000000130e-01	-5.784694062000000220e-02	6.014891373999999846e-01	-3.643660290999999884e-01	1.546805653000000058e+00	-6.970034277000000111e-01	7.771252709000000536e-01	-7.862517499000000187e-01	-9.226164868000000241e-02	-1.724865277000000030e-01	-1.649593153000000090e+00	1.654927121000000056e+00	2.469373811000000085e+00	-6.341513206000000125e-01	-8.196561884999999936e-01	4.126621991000000156e-01
3.781150124000000057e-01	1.353028864999999969e+00	-7.403172956000000360e-01	-8.696459122999999902e-01	-1.386243772000000041e+00	-6.431403758999999498e-01	-9.420407901999999778e-01	1.073139505999999993e-01	-1.639707157000000123e-02	5.710922203999999613e-01	-5.957673708999999818e-01	2.851437513000000257e-01	-4.920941296999999937e-01	-7.962339670000000424e-01	-3.525864752999999796e-01	-1.469522981999999978e+00	1.192225091999999931e+00	-1.619649955999999946e+00	-3.653797393000000060e-01	-1.413308100000000067e+00	1.258404416999999942e+00
-2.840265211999999928e-01	1.351044770999999978e+00	-1.279783773999999985e+00	-1.344336675000000092e+00	-9.351202440000000449e-01	-9.645653987000000207e-01	-4.592934681999999991e-01	-5.070313772000000219e-01	-8.934608403999999560e-01	-2.564829972000000069e-01	-1.715727562999999956e+00	6.333354026999999942e-01	-2.353754422999999874e-01	-1.348862835000000038e+00	7.427527500999999699e-01	-4.081352699999999945e-01	-3.469998308000000198e-01	6.015051322000000145e-01	-1.337663355000000109e+00	-2.236504157000000159e+00	1.469485713999999943e+00
-5.106337121999999784e-01	1.174642855999999957e+00	-1.004129931999999892e+00	-1.417430892000000053e+00	-1.442502595000000110e+00	-1.084463648999999918e+00	-8.257746504999999848e-01	-2.342054150000000001e-01	-1.946849365000000054e+00	-3.640899126000000097e-01	-1.337639277000000071e+00	5.549600452999999822e-01	-8.069693218000000279e-01	-1.410748011999999996e+00	-1.238211713000000103e+00	-1.575262951000000022e+00	4.001560829999999958e-01	3.929089001000000136e-01	-8.347520716999999868e-01	-1.121693226000000099e+00	1.010415091000000043e+00
-4.810629008000000262e-01	1.377132489000000071e+00	-1.099166368999999976e+00	-1.297919862000000091e+00	-1.843819837000000073e+00	-1.232399459999999891e+00	-1.253041341000000086e+00	3.045530133000000084e-01	-1.446682181999999983e+00	-1.784670308999999899e-01	-6.022990016999999474e-01	2.117873839999999952e-01	-4.644976049000000273e-01	-1.035144217000000033e+00	-2.771143240999999757e-01	-2.406170169000000136e+00	4.469005090000000013e-01	-5.049904572000000202e-01	-3.267951735999999885e-01	-1.735251483000000094e+00	-1.500736266999999957e+00
-7.138270611999999460e-01	1.338336565999999950e+00	-1.395633341999999999e+00	-1.651907814000000085e+00	-1.491922490000000101e+00	-1.052956229000000077e+00	-1.645351323999999948e+00	-2.605939039999999873e-01	-5.662828381000000189e-01	-8.672774556000000246e-01	-1.456264777999999982e+00	3.641003332000000148e-01	-6.354651489000000542e-01	-1.572044675999999974e+00	-7.676342761000000403e-02	-1.542378188000000039e+00	5.620254278999999853e-01	4.683129663999999748e-01	-1.338422366999999946e+00	-1.127444845999999945e+00	-6.436759668000000545e-01
-8.167048621000000397e-01	1.386179961999999932e+00	-1.143945044999999938e+00	-9.151143113999999912e-01	-1.327825435999999915e+00	-1.529871138000000075e+00	-1.321762937999999998e+00	-1.056037381000000108e+00	-8.825493967999999967e-01	-1.029373564999999990e+00	-2.080138015999999812e+00	7.765892404999999998e-01	-1.404305703000000016e-01	-2.327082214999999898e+00	4.145475712999999729e-01	-6.084859300999999610e-01	-6.315194789000000419e-01	1.654176536999999891e+00	-1.266886785000000071e+00	-1.290172660000000082e+00	-9.429720776000000138e-01
-9.265769959999999861e-01	1.292880999999999947e+00	-1.352922831999999964e+00	-1.325374427000000077e+00	-1.392715552000000079e+00	-1.446561752000000034e+00	-4.083908439000000223e-01	-1.140258243999999976e+00	-1.461049419999999932e+00	-1.960585250000000057e+00	-2.395397044000000086e+00	4.068316567999999966e-01	-7.894170625999999968e-01	-1.830516379000000082e+00	-6.528265975999999471e-01	-1.404259689000000089e+00	8.782226539999999915e-01	1.422187145999999958e+00	-2.125966581000000022e-01	-8.813530304000000148e-01	-1.024989481999999952e-01
-1.349821869999999979e+00	1.515730420999999994e+00	-1.439367317000000090e+00	-1.739272892000000015e+00	-1.643970571000000103e+00	-1.592474023999999932e+00	-7.390292398000000151e-01	-1.175008615000000090e+00	-1.206566065000000076e+00	-2.251373870000000110e+00	-1.953855439000000027e+00	2.799034271000000115e-02	-9.502010271999999924e-01	-2.256633917999999905e+00	-1.930835966999999986e-01	-2.334307402999999947e+00	1.629640749000000055e-01	-7.698139119000000363e-01	-5.276844799000000030e-01	-1.354560616000000106e+00	-1.708214294000000022e+00
-1.427645089000000089e+00	1.548640835999999910e+00	-1.267578628000000096e+00	-1.314698904999999973e+00	-1.583561097999999889e+00	-2.077716778000000097e+00	-1.512575970999999964e+00	-1.362062263000000106e+00	-1.139866095999999995e+00	-2.165477890000000016e+00	-1.714875128000000082e+00	1.558009861999999912e-01	-3.712227374000000024e-01	-2.183101483999999815e+00	-7.871713594000000480e-01	-2.551374865000000103e+00	8.729840724999999857e-01	2.904041751000000036e-03	-2.225654371000000076e+00	-4.602944183000000078e-01	-1.368581092999999971e+00
-1.533844932999999910e+00	1.379520292999999898e+00	-1.122990009000000011e+00	-1.809056812999999986e+00	-1.361609894999999959e+00	-2.145159216999999785e+00	-1.432846174000000028e+00	-1.784503321000000087e+00	-9.442997859999999744e-01	-2.562068186999999941e+00	-1.934253967000000074e+00	6.117783533999999745e-01	-1.164702547999999949e+00	-2.275674452000000070e+00	-6.127822631999999548e-01	-2.374800118000000015e+00	-5.560823666999999970e-01	1.034412980999999954e-01	-1.329070694000000108e+00	-8.624973914000000352e-01	1.949605704000000050e-01
-1.642140662000000084e+00	1.468222192999999898e+00	-1.115294698000000029e+00	-1.521826687999999983e+00	-1.233212973999999962e+00	-1.932018876000000107e+00	-1.361659092000000015e+00	-1.862825501000000106e+00	-1.539659957000000023e+00	-2.267966072000000111e+00	-2.137611988999999824e+00	1.356540926000000091e+00	-8.637418796000000398e-01	-2.927195556000000032e+00	-1.653458937999999989e+00	-4.549246384999999782e-01	6.749680695999999980e-01	-3.642048401999999907e-01	-1.995498827999999891e+00	-4.163642151999999985e-01	-2.257032317000000177e+00
-1.113484705000000075e+00	1.635790969000000095e+00	-6.473840731000000126e-01	-4.322426511999999943e-01	-1.535237458000000110e+00	-2.081035426000000133e+00	-9.138951106999999574e-01	-1.023391528999999966e+00	-1.347623127000000087e+00	-1.602891228999999917e+00	-1.502383229000000098e+00	1.119476308999999947e+00	-5.701528022999999834e-01	-2.028652473999999817e+00	-1.854788843999999992e+00	-1.640359048000000097e+00	7.984013924999999734e-01	-1.329374596999999936e+00	-1.834365738000000023e+00	-2.671549449000000173e-02	-1.100679975999999893e+00
